date,time,pobocka,iso_week,day_of_week,zaci_celkem,zaplaceno,nezaplaceno,zaplaceno_czk,predepsano_czk,nedostavili,termin_id,url
30.1.2025,17:15,Praha,5,4,19,17,2,580557,585057,3,72870,https://nobe.moje-autoskola.cz/admin_prednaska.php?edit_id=72870
30.1.2025,16:15,Praha,5,4,19,16,3,524810,538610,4,72869,https://nobe.moje-autoskola.cz/admin_prednaska.php?edit_id=72869
23.1.2025,17:15,Praha,4,4,20,18,2,536167,541542,4,72868,https://nobe.moje-autoskola.cz/admin_prednaska.php?edit_id=72868
23.1.2025,16:15,Praha,4,4,20,16,4,496153,501853,3,72867,https://nobe.moje-autoskola.cz/admin_prednaska.php?edit_id=72867
16.1.2025,17:15,Praha,3,4,18,12,6,366600,366600,6,72866,https://nobe.moje-autoskola.cz/admin_prednaska.php?edit_id=72866
16.1.2025,16:15,Praha,3,4,18,15,3,350266,402832,7,72865,https://nobe.moje-autoskola.cz/admin_prednaska.php?edit_id=72865
9.1.2025,17:15,Praha,2,4,17,13,4,337400,355800,5,72864,https://nobe.moje-autoskola.cz/admin_prednaska.php?edit_id=72864
9.1.2025,16:15,Praha,2,4,16,13,3,424803,424803,3,57680,https://nobe.moje-autoskola.cz/admin_prednaska.php?edit_id=57680
2.1.2025,17:15,Praha,1,4,14,11,3,334675,337175,5,72863,https://nobe.moje-autoskola.cz/admin_prednaska.php?edit_id=72863
2.1.2025,16:15,Praha,1,4,16,11,5,303575,306450,7,72862,https://nobe.moje-autoskola.cz/admin_prednaska.php?edit_id=72862
27.2.2025,17:15,Praha,9,4,16,16,0,551800,551800,2,72878,https://nobe.moje-autoskola.cz/admin_prednaska.php?edit_id=72878
27.2.2025,16:15,Praha,9,4,15,13,2,385000,434700,3,72877,https://nobe.moje-autoskola.cz/admin_prednaska.php?edit_id=72877
20.2.2025,17:15,Praha,8,4,17,15,2,467732,473532,5,72876,https://nobe.moje-autoskola.cz/admin_prednaska.php?edit_id=72876
20.2.2025,16:15,Praha,8,4,17,11,6,330772,343647,7,72875,https://nobe.moje-autoskola.cz/admin_prednaska.php?edit_id=72875
13.2.2025,17:15,Praha,7,4,16,15,1,462000,504975,2,72874,https://nobe.moje-autoskola.cz/admin_prednaska.php?edit_id=72874
13.2.2025,16:15,Praha,7,4,14,14,0,403290,408250,1,72873,https://nobe.moje-autoskola.cz/admin_prednaska.php?edit_id=72873
6.2.2025,17:15,Praha,6,4,21,19,2,589200,596200,6,72872,https://nobe.moje-autoskola.cz/admin_prednaska.php?edit_id=72872
6.2.2025,16:15,Praha,6,4,21,16,5,498071,516046,4,72871,https://nobe.moje-autoskola.cz/admin_prednaska.php?edit_id=72871
27.3.2025,17:15,Praha,13,4,15,13,2,444510,466110,2,73339,https://nobe.moje-autoskola.cz/admin_prednaska.php?edit_id=73339
27.3.2025,16:15,Praha,13,4,17,14,3,462375,469375,4,73338,https://nobe.moje-autoskola.cz/admin_prednaska.php?edit_id=73338
20.3.2025,17:15,Praha,12,4,16,12,4,365135,388035,5,73337,https://nobe.moje-autoskola.cz/admin_prednaska.php?edit_id=73337
20.3.2025,16:15,Praha,12,4,15,11,4,367716,387450,5,73336,https://nobe.moje-autoskola.cz/admin_prednaska.php?edit_id=73336
13.3.2025,17:15,Praha,11,4,18,17,1,529375,582475,1,73335,https://nobe.moje-autoskola.cz/admin_prednaska.php?edit_id=73335
13.3.2025,16:15,Praha,11,4,16,15,1,374259,424325,1,73333,https://nobe.moje-autoskola.cz/admin_prednaska.php?edit_id=73333
6.3.2025,17:15,Praha,10,4,15,13,2,435660,453460,2,73331,https://nobe.moje-autoskola.cz/admin_prednaska.php?edit_id=73331
6.3.2025,16:15,Praha,10,4,15,10,5,312367,348667,5,73330,https://nobe.moje-autoskola.cz/admin_prednaska.php?edit_id=73330
29.4.2025,17:15,Praha,18,2,16,14,2,401375,406375,2,79775,https://nobe.moje-autoskola.cz/admin_prednaska.php?edit_id=79775
29.4.2025,16:15,Praha,18,2,16,15,1,433650,457750,3,79774,https://nobe.moje-autoskola.cz/admin_prednaska.php?edit_id=79774
24.4.2025,17:15,Praha,17,4,16,11,5,385775,392975,5,73349,https://nobe.moje-autoskola.cz/admin_prednaska.php?edit_id=73349
24.4.2025,16:15,Praha,17,4,16,13,3,501675,504175,3,73348,https://nobe.moje-autoskola.cz/admin_prednaska.php?edit_id=73348
17.4.2025,17:15,Praha,16,4,13,13,0,440050,440050,2,73347,https://nobe.moje-autoskola.cz/admin_prednaska.php?edit_id=73347
17.4.2025,16:15,Praha,16,4,18,16,2,536500,561900,7,73346,https://nobe.moje-autoskola.cz/admin_prednaska.php?edit_id=73346
10.4.2025,17:15,Praha,15,4,15,13,2,410900,413400,3,73344,https://nobe.moje-autoskola.cz/admin_prednaska.php?edit_id=73344
10.4.2025,16:15,Praha,15,4,15,13,2,442643,445143,2,73343,https://nobe.moje-autoskola.cz/admin_prednaska.php?edit_id=73343
3.4.2025,17:15,Praha,14,4,16,14,2,486361,517161,4,73341,https://nobe.moje-autoskola.cz/admin_prednaska.php?edit_id=73341
3.4.2025,16:15,Praha,14,4,16,13,3,413270,423670,5,73340,https://nobe.moje-autoskola.cz/admin_prednaska.php?edit_id=73340
29.5.2025,17:15,Praha,22,4,16,14,2,415861,464136,5,73408,https://nobe.moje-autoskola.cz/admin_prednaska.php?edit_id=73408
29.5.2025,16:15,Praha,22,4,16,15,1,536175,541275,1,73407,https://nobe.moje-autoskola.cz/admin_prednaska.php?edit_id=73407
22.5.2025,17:15,Praha,21,4,16,14,2,416264,419564,1,73406,https://nobe.moje-autoskola.cz/admin_prednaska.php?edit_id=73406
22.5.2025,16:15,Praha,21,4,13,11,2,318000,323000,4,73405,https://nobe.moje-autoskola.cz/admin_prednaska.php?edit_id=73405
15.5.2025,17:15,Praha,20,4,18,15,3,473050,501250,4,73400,https://nobe.moje-autoskola.cz/admin_prednaska.php?edit_id=73400
15.5.2025,16:15,Praha,20,4,12,10,2,284060,312675,2,73350,https://nobe.moje-autoskola.cz/admin_prednaska.php?edit_id=73350
6.5.2025,17:15,Praha,19,2,15,12,3,394575,431175,6,79777,https://nobe.moje-autoskola.cz/admin_prednaska.php?edit_id=79777
6.5.2025,16:15,Praha,19,2,15,12,3,337740,346600,5,79776,https://nobe.moje-autoskola.cz/admin_prednaska.php?edit_id=79776
26.6.2025,17:15,Praha,26,4,19,17,2,495100,502100,4,73416,https://nobe.moje-autoskola.cz/admin_prednaska.php?edit_id=73416
26.6.2025,16:15,Praha,26,4,16,13,3,428140,438040,4,73415,https://nobe.moje-autoskola.cz/admin_prednaska.php?edit_id=73415
19.6.2025,17:15,Praha,25,4,17,11,6,360970,402000,7,73414,https://nobe.moje-autoskola.cz/admin_prednaska.php?edit_id=73414
19.6.2025,16:15,Praha,25,4,17,14,3,536614,596214,4,73413,https://nobe.moje-autoskola.cz/admin_prednaska.php?edit_id=73413
12.6.2025,17:15,Praha,24,4,16,14,2,488550,513150,3,73412,https://nobe.moje-autoskola.cz/admin_prednaska.php?edit_id=73412
12.6.2025,16:15,Praha,24,4,17,13,4,383850,449300,5,73411,https://nobe.moje-autoskola.cz/admin_prednaska.php?edit_id=73411
5.6.2025,17:15,Praha,23,4,17,14,3,472800,488700,5,73410,https://nobe.moje-autoskola.cz/admin_prednaska.php?edit_id=73410
5.6.2025,16:15,Praha,23,4,16,13,3,430275,437275,4,73409,https://nobe.moje-autoskola.cz/admin_prednaska.php?edit_id=73409
31.7.2025,17:15,Praha,31,4,14,13,1,471100,472700,1,78577,https://nobe.moje-autoskola.cz/admin_prednaska.php?edit_id=78577
31.7.2025,16:15,Praha,31,4,10,8,2,244000,250100,3,78576,https://nobe.moje-autoskola.cz/admin_prednaska.php?edit_id=78576
24.7.2025,17:15,Praha,30,4,18,16,2,471817,550257,1,78575,https://nobe.moje-autoskola.cz/admin_prednaska.php?edit_id=78575
24.7.2025,16:15,Praha,30,4,17,14,3,390000,440400,4,78574,https://nobe.moje-autoskola.cz/admin_prednaska.php?edit_id=78574
17.7.2025,17:15,Praha,29,4,12,11,1,309100,334000,5,78573,https://nobe.moje-autoskola.cz/admin_prednaska.php?edit_id=78573
17.7.2025,16:15,Praha,29,4,12,11,1,374700,406400,3,78572,https://nobe.moje-autoskola.cz/admin_prednaska.php?edit_id=78572
10.7.2025,17:15,Praha,28,4,17,13,4,419700,445375,6,78571,https://nobe.moje-autoskola.cz/admin_prednaska.php?edit_id=78571
10.7.2025,16:15,Praha,28,4,14,13,1,464594,477814,3,78570,https://nobe.moje-autoskola.cz/admin_prednaska.php?edit_id=78570
3.7.2025,17:15,Praha,27,4,17,16,1,536180,548900,3,78286,https://nobe.moje-autoskola.cz/admin_prednaska.php?edit_id=78286
3.7.2025,16:15,Praha,27,4,16,13,3,468075,482450,1,78285,https://nobe.moje-autoskola.cz/admin_prednaska.php?edit_id=78285
28.8.2025,17:15,Praha,35,4,14,13,1,407600,407600,2,78585,https://nobe.moje-autoskola.cz/admin_prednaska.php?edit_id=78585
28.8.2025,16:15,Praha,35,4,13,7,6,257000,317100,6,78584,https://nobe.moje-autoskola.cz/admin_prednaska.php?edit_id=78584
21.8.2025,17:15,Praha,34,4,11,9,2,276575,310875,2,78583,https://nobe.moje-autoskola.cz/admin_prednaska.php?edit_id=78583
21.8.2025,16:15,Praha,34,4,14,12,2,286075,289375,2,78582,https://nobe.moje-autoskola.cz/admin_prednaska.php?edit_id=78582
14.8.2025,17:15,Praha,33,4,11,8,3,232545,258085,3,78581,https://nobe.moje-autoskola.cz/admin_prednaska.php?edit_id=78581
14.8.2025,16:15,Praha,33,4,14,9,5,298375,380500,5,78580,https://nobe.moje-autoskola.cz/admin_prednaska.php?edit_id=78580
7.8.2025,17:15,Praha,32,4,14,11,3,429675,434675,3,78579,https://nobe.moje-autoskola.cz/admin_prednaska.php?edit_id=78579
7.8.2025,16:15,Praha,32,4,15,12,3,393110,470150,3,78578,https://nobe.moje-autoskola.cz/admin_prednaska.php?edit_id=78578
25.9.2025,17:15,Praha,39,4,18,10,8,242760,421560,10,80860,https://nobe.moje-autoskola.cz/admin_prednaska.php?edit_id=80860
25.9.2025,16:15,Praha,39,4,15,13,2,411975,443350,3,80859,https://nobe.moje-autoskola.cz/admin_prednaska.php?edit_id=80859
18.9.2025,17:15,Praha,38,4,16,16,0,502860,505660,3,80858,https://nobe.moje-autoskola.cz/admin_prednaska.php?edit_id=80858
18.9.2025,16:15,Praha,38,4,14,11,3,350550,417650,6,80857,https://nobe.moje-autoskola.cz/admin_prednaska.php?edit_id=80857
11.9.2025,17:15,Praha,37,4,13,12,1,374200,404500,2,80856,https://nobe.moje-autoskola.cz/admin_prednaska.php?edit_id=80856
11.9.2025,16:15,Praha,37,4,15,14,1,442971,484971,2,80855,https://nobe.moje-autoskola.cz/admin_prednaska.php?edit_id=80855
4.9.2025,17:15,Praha,36,4,14,9,5,270550,330200,6,80854,https://nobe.moje-autoskola.cz/admin_prednaska.php?edit_id=80854
4.9.2025,16:15,Praha,36,4,15,10,5,313383,427383,5,80853,https://nobe.moje-autoskola.cz/admin_prednaska.php?edit_id=80853
30.10.2025,17:15,Praha,44,4,13,12,1,387900,395200,2,80870,https://nobe.moje-autoskola.cz/admin_prednaska.php?edit_id=80870
30.10.2025,16:15,Praha,44,4,13,13,0,333000,350000,5,80869,https://nobe.moje-autoskola.cz/admin_prednaska.php?edit_id=80869
23.10.2025,17:15,Praha,43,4,10,9,1,246600,248600,2,80868,https://nobe.moje-autoskola.cz/admin_prednaska.php?edit_id=80868
23.10.2025,16:15,Praha,43,4,15,12,3,336916,402776,4,80867,https://nobe.moje-autoskola.cz/admin_prednaska.php?edit_id=80867
16.10.2025,17:15,Praha,42,4,15,13,2,339970,386950,3,80866,https://nobe.moje-autoskola.cz/admin_prednaska.php?edit_id=80866
16.10.2025,16:15,Praha,42,4,10,10,0,308531,336071,2,80865,https://nobe.moje-autoskola.cz/admin_prednaska.php?edit_id=80865
9.10.2025,17:15,Praha,41,4,14,14,0,391442,462375,2,80864,https://nobe.moje-autoskola.cz/admin_prednaska.php?edit_id=80864
9.10.2025,16:15,Praha,41,4,14,13,1,407500,434800,3,80863,https://nobe.moje-autoskola.cz/admin_prednaska.php?edit_id=80863
2.10.2025,17:15,Praha,40,4,16,14,2,425175,432475,6,80862,https://nobe.moje-autoskola.cz/admin_prednaska.php?edit_id=80862
2.10.2025,16:15,Praha,40,4,14,11,3,296460,353400,5,80861,https://nobe.moje-autoskola.cz/admin_prednaska.php?edit_id=80861
27.11.2025,17:15,Praha,48,4,7,6,1,161589,161589,1,80878,https://nobe.moje-autoskola.cz/admin_prednaska.php?edit_id=80878
27.11.2025,16:15,Praha,48,4,3,2,1,34500,38000,1,80877,https://nobe.moje-autoskola.cz/admin_prednaska.php?edit_id=80877
20.11.2025,17:15,Praha,47,4,9,6,3,182700,222100,3,80876,https://nobe.moje-autoskola.cz/admin_prednaska.php?edit_id=80876
20.11.2025,16:15,Praha,47,4,12,10,2,296900,333300,2,80875,https://nobe.moje-autoskola.cz/admin_prednaska.php?edit_id=80875
13.11.2025,17:15,Praha,46,4,7,7,0,223904,225504,2,80874,https://nobe.moje-autoskola.cz/admin_prednaska.php?edit_id=80874
13.11.2025,16:15,Praha,46,4,10,9,1,299300,305600,1,80873,https://nobe.moje-autoskola.cz/admin_prednaska.php?edit_id=80873
6.11.2025,17:15,Praha,45,4,15,14,1,431435,445735,2,80872,https://nobe.moje-autoskola.cz/admin_prednaska.php?edit_id=80872
6.11.2025,16:15,Praha,45,4,14,12,2,306220,379500,3,80871,https://nobe.moje-autoskola.cz/admin_prednaska.php?edit_id=80871
29.12.2025,17:15,Praha,1,1,0,0,0,0,0,0,91726,https://nobe.moje-autoskola.cz/admin_prednaska.php?edit_id=91726
29.12.2025,15:00,Praha,1,1,1,1,0,44200,44200,0,91725,https://nobe.moje-autoskola.cz/admin_prednaska.php?edit_id=91725
22.12.2025,17:15,Praha,52,1,4,1,3,38000,96100,3,91670,https://nobe.moje-autoskola.cz/admin_prednaska.php?edit_id=91670
22.12.2025,16:15,Praha,52,1,8,7,1,207271,249871,1,91669,https://nobe.moje-autoskola.cz/admin_prednaska.php?edit_id=91669
18.12.2025,17:15,Praha,51,4,3,2,1,54035,54035,3,80884,https://nobe.moje-autoskola.cz/admin_prednaska.php?edit_id=80884
18.12.2025,16:15,Praha,51,4,6,5,1,121335,126835,3,80883,https://nobe.moje-autoskola.cz/admin_prednaska.php?edit_id=80883
11.12.2025,17:15,Praha,50,4,10,9,1,259529,270829,1,80882,https://nobe.moje-autoskola.cz/admin_prednaska.php?edit_id=80882
11.12.2025,16:15,Praha,50,4,3,1,2,2500,37000,3,80881,https://nobe.moje-autoskola.cz/admin_prednaska.php?edit_id=80881
4.12.2025,17:15,Praha,49,4,5,5,0,148475,154075,0,80880,https://nobe.moje-autoskola.cz/admin_prednaska.php?edit_id=80880
4.12.2025,16:15,Praha,49,4,7,5,2,145800,146300,1,80879,https://nobe.moje-autoskola.cz/admin_prednaska.php?edit_id=80879
30.1.2025,17:15,Brno,5,4,8,7,1,180650,183150,2,72924,https://nobe.moje-autoskola.cz/admin_prednaska.php?edit_id=72924
30.1.2025,16:15,Brno,5,4,9,8,1,172525,175750,2,72923,https://nobe.moje-autoskola.cz/admin_prednaska.php?edit_id=72923
23.1.2025,17:15,Brno,4,4,7,6,1,130450,132950,2,72922,https://nobe.moje-autoskola.cz/admin_prednaska.php?edit_id=72922
23.1.2025,16:15,Brno,4,4,7,6,1,137100,137100,2,72921,https://nobe.moje-autoskola.cz/admin_prednaska.php?edit_id=72921
16.1.2025,17:15,Brno,3,4,8,5,3,111732,129632,3,72920,https://nobe.moje-autoskola.cz/admin_prednaska.php?edit_id=72920
16.1.2025,16:15,Brno,3,4,6,6,0,160100,160100,0,72919,https://nobe.moje-autoskola.cz/admin_prednaska.php?edit_id=72919
9.1.2025,17:15,Brno,2,4,5,4,1,107950,107950,1,72918,https://nobe.moje-autoskola.cz/admin_prednaska.php?edit_id=72918
9.1.2025,16:15,Brno,2,4,7,5,2,114700,128600,2,72917,https://nobe.moje-autoskola.cz/admin_prednaska.php?edit_id=72917
2.1.2025,17:15,Brno,1,4,5,4,1,93500,93500,2,72916,https://nobe.moje-autoskola.cz/admin_prednaska.php?edit_id=72916
2.1.2025,16:15,Brno,1,4,5,2,3,50600,55600,3,72915,https://nobe.moje-autoskola.cz/admin_prednaska.php?edit_id=72915
27.2.2025,17:15,Brno,9,4,9,8,1,192750,192750,2,72932,https://nobe.moje-autoskola.cz/admin_prednaska.php?edit_id=72932
27.2.2025,16:15,Brno,9,4,8,5,3,132357,159257,2,72931,https://nobe.moje-autoskola.cz/admin_prednaska.php?edit_id=72931
20.2.2025,17:15,Brno,8,4,8,7,1,151950,173625,2,72930,https://nobe.moje-autoskola.cz/admin_prednaska.php?edit_id=72930
20.2.2025,16:15,Brno,8,4,9,9,0,228128,228628,0,72929,https://nobe.moje-autoskola.cz/admin_prednaska.php?edit_id=72929
13.2.2025,17:15,Brno,7,4,7,4,3,137160,162500,3,75880,https://nobe.moje-autoskola.cz/admin_prednaska.php?edit_id=75880
13.2.2025,16:15,Brno,7,4,9,8,1,227907,230407,1,72928,https://nobe.moje-autoskola.cz/admin_prednaska.php?edit_id=72928
12.2.2025,11:00,Brno,7,3,1,1,0,31200,31200,0,77002,https://nobe.moje-autoskola.cz/admin_prednaska.php?edit_id=77002
6.2.2025,17:15,Brno,6,4,7,6,1,149971,152471,1,72926,https://nobe.moje-autoskola.cz/admin_prednaska.php?edit_id=72926
6.2.2025,16:15,Brno,6,4,8,7,1,186422,186422,2,72925,https://nobe.moje-autoskola.cz/admin_prednaska.php?edit_id=72925
27.3.2025,17:15,Brno,13,4,9,6,3,156664,164164,3,72954,https://nobe.moje-autoskola.cz/admin_prednaska.php?edit_id=72954
27.3.2025,16:15,Brno,13,4,9,9,0,231500,234700,1,72953,https://nobe.moje-autoskola.cz/admin_prednaska.php?edit_id=72953
20.3.2025,17:15,Brno,12,4,9,8,1,197125,220425,3,72952,https://nobe.moje-autoskola.cz/admin_prednaska.php?edit_id=72952
20.3.2025,16:15,Brno,12,4,8,8,0,180550,203350,0,72951,https://nobe.moje-autoskola.cz/admin_prednaska.php?edit_id=72951
13.3.2025,17:15,Brno,11,4,8,7,1,153285,178350,1,72950,https://nobe.moje-autoskola.cz/admin_prednaska.php?edit_id=72950
13.3.2025,16:15,Brno,11,4,8,7,1,157343,159843,3,72949,https://nobe.moje-autoskola.cz/admin_prednaska.php?edit_id=72949
6.3.2025,17:15,Brno,10,4,8,7,1,179150,181650,2,72948,https://nobe.moje-autoskola.cz/admin_prednaska.php?edit_id=72948
6.3.2025,16:15,Brno,10,4,9,9,0,215136,216736,2,72947,https://nobe.moje-autoskola.cz/admin_prednaska.php?edit_id=72947
29.4.2025,17:15,Brno,18,2,4,3,1,51500,72000,1,79800,https://nobe.moje-autoskola.cz/admin_prednaska.php?edit_id=79800
29.4.2025,16:15,Brno,18,2,8,6,2,122150,170850,3,79799,https://nobe.moje-autoskola.cz/admin_prednaska.php?edit_id=79799
24.4.2025,17:15,Brno,17,4,11,9,2,259022,261522,2,73865,https://nobe.moje-autoskola.cz/admin_prednaska.php?edit_id=73865
24.4.2025,16:15,Brno,17,4,11,9,2,219950,266850,3,73864,https://nobe.moje-autoskola.cz/admin_prednaska.php?edit_id=73864
17.4.2025,17:15,Brno,16,4,8,6,2,88650,93650,4,73863,https://nobe.moje-autoskola.cz/admin_prednaska.php?edit_id=73863
17.4.2025,16:15,Brno,16,4,9,7,2,153150,191925,4,73862,https://nobe.moje-autoskola.cz/admin_prednaska.php?edit_id=73862
10.4.2025,17:15,Brno,15,4,9,8,1,194150,213750,2,73861,https://nobe.moje-autoskola.cz/admin_prednaska.php?edit_id=73861
10.4.2025,16:15,Brno,15,4,8,8,0,215850,215850,0,73860,https://nobe.moje-autoskola.cz/admin_prednaska.php?edit_id=73860
3.4.2025,17:15,Brno,14,4,9,9,0,203193,222993,1,73859,https://nobe.moje-autoskola.cz/admin_prednaska.php?edit_id=73859
3.4.2025,16:15,Brno,14,4,8,5,3,128700,133700,3,73858,https://nobe.moje-autoskola.cz/admin_prednaska.php?edit_id=73858
29.5.2025,17:15,Brno,22,4,4,2,2,69427,71927,3,73874,https://nobe.moje-autoskola.cz/admin_prednaska.php?edit_id=73874
29.5.2025,16:15,Brno,22,4,6,3,3,100750,103250,3,73873,https://nobe.moje-autoskola.cz/admin_prednaska.php?edit_id=73873
22.5.2025,17:15,Brno,21,4,4,3,1,61900,64400,3,73871,https://nobe.moje-autoskola.cz/admin_prednaska.php?edit_id=73871
22.5.2025,16:15,Brno,21,4,9,8,1,237600,250000,1,73870,https://nobe.moje-autoskola.cz/admin_prednaska.php?edit_id=73870
15.5.2025,17:15,Brno,20,4,5,4,1,117900,120400,1,73869,https://nobe.moje-autoskola.cz/admin_prednaska.php?edit_id=73869
15.5.2025,16:15,Brno,20,4,9,5,4,124579,147479,6,73868,https://nobe.moje-autoskola.cz/admin_prednaska.php?edit_id=73868
6.5.2025,17:15,Brno,19,2,4,2,2,55200,60200,2,73867,https://nobe.moje-autoskola.cz/admin_prednaska.php?edit_id=73867
6.5.2025,16:15,Brno,19,2,10,8,2,229650,234650,3,73866,https://nobe.moje-autoskola.cz/admin_prednaska.php?edit_id=73866
26.6.2025,17:15,Brno,26,4,7,6,1,142920,162460,1,73882,https://nobe.moje-autoskola.cz/admin_prednaska.php?edit_id=73882
26.6.2025,16:15,Brno,26,4,10,5,5,158500,171850,5,73881,https://nobe.moje-autoskola.cz/admin_prednaska.php?edit_id=73881
19.6.2025,17:15,Brno,25,4,9,7,2,115435,178975,2,73880,https://nobe.moje-autoskola.cz/admin_prednaska.php?edit_id=73880
19.6.2025,16:15,Brno,25,4,10,10,0,247387,248787,1,73879,https://nobe.moje-autoskola.cz/admin_prednaska.php?edit_id=73879
12.6.2025,17:15,Brno,24,4,9,8,1,211450,226350,2,73878,https://nobe.moje-autoskola.cz/admin_prednaska.php?edit_id=73878
12.6.2025,16:15,Brno,24,4,8,5,3,121420,136800,5,73877,https://nobe.moje-autoskola.cz/admin_prednaska.php?edit_id=73877
5.6.2025,17:15,Brno,23,4,6,5,1,106500,109000,2,73876,https://nobe.moje-autoskola.cz/admin_prednaska.php?edit_id=73876
5.6.2025,16:15,Brno,23,4,6,5,1,132350,132350,1,73875,https://nobe.moje-autoskola.cz/admin_prednaska.php?edit_id=73875
31.7.2025,17:15,Brno,31,4,3,2,1,55775,81075,2,84403,https://nobe.moje-autoskola.cz/admin_prednaska.php?edit_id=84403
31.7.2025,16:15,Brno,31,4,4,4,0,63233,82773,1,84402,https://nobe.moje-autoskola.cz/admin_prednaska.php?edit_id=84402
24.7.2025,17:00,Brno,30,4,4,2,2,63500,63500,2,84401,https://nobe.moje-autoskola.cz/admin_prednaska.php?edit_id=84401
24.7.2025,16:15,Brno,30,4,4,3,1,92600,93400,0,84400,https://nobe.moje-autoskola.cz/admin_prednaska.php?edit_id=84400
17.7.2025,17:15,Brno,29,4,1,1,0,21800,21800,0,84399,https://nobe.moje-autoskola.cz/admin_prednaska.php?edit_id=84399
17.7.2025,16:15,Brno,29,4,5,5,0,144650,144650,0,84398,https://nobe.moje-autoskola.cz/admin_prednaska.php?edit_id=84398
10.7.2025,17:15,Brno,28,4,6,2,4,67200,105500,4,84397,https://nobe.moje-autoskola.cz/admin_prednaska.php?edit_id=84397
10.7.2025,16:15,Brno,28,4,9,7,2,149879,171779,3,84396,https://nobe.moje-autoskola.cz/admin_prednaska.php?edit_id=84396
3.7.2025,17:15,Brno,27,4,5,4,1,86500,109500,1,84395,https://nobe.moje-autoskola.cz/admin_prednaska.php?edit_id=84395
3.7.2025,16:15,Brno,27,4,4,4,0,146800,146800,0,84394,https://nobe.moje-autoskola.cz/admin_prednaska.php?edit_id=84394
28.8.2025,18:15,Brno,35,4,0,0,0,0,0,0,84411,https://nobe.moje-autoskola.cz/admin_prednaska.php?edit_id=84411
28.8.2025,17:15,Brno,35,4,4,3,1,63500,106900,2,84410,https://nobe.moje-autoskola.cz/admin_prednaska.php?edit_id=84410
21.8.2025,17:15,Brno,34,4,6,5,1,132459,157759,1,84409,https://nobe.moje-autoskola.cz/admin_prednaska.php?edit_id=84409
21.8.2025,16:15,Brno,34,4,10,6,4,134300,136800,6,84408,https://nobe.moje-autoskola.cz/admin_prednaska.php?edit_id=84408
14.8.2025,17:15,Brno,33,4,7,5,2,117580,130500,5,84407,https://nobe.moje-autoskola.cz/admin_prednaska.php?edit_id=84407
14.8.2025,16:15,Brno,33,4,10,7,3,154010,228690,3,84406,https://nobe.moje-autoskola.cz/admin_prednaska.php?edit_id=84406
7.8.2025,17:15,Brno,32,4,0,0,0,0,0,0,84405,https://nobe.moje-autoskola.cz/admin_prednaska.php?edit_id=84405
7.8.2025,16:15,Brno,32,4,7,6,1,150670,168450,2,84404,https://nobe.moje-autoskola.cz/admin_prednaska.php?edit_id=84404
25.9.2025,17:15,Brno,39,4,6,4,2,87750,160950,4,74593,https://nobe.moje-autoskola.cz/admin_prednaska.php?edit_id=74593
25.9.2025,16:15,Brno,39,4,6,5,1,139050,145250,0,74590,https://nobe.moje-autoskola.cz/admin_prednaska.php?edit_id=74590
18.9.2025,17:15,Brno,38,4,8,6,2,149795,220475,2,74589,https://nobe.moje-autoskola.cz/admin_prednaska.php?edit_id=74589
18.9.2025,16:15,Brno,38,4,8,5,3,161250,219350,3,74588,https://nobe.moje-autoskola.cz/admin_prednaska.php?edit_id=74588
11.9.2025,17:15,Brno,37,4,10,9,1,213470,274650,4,74592,https://nobe.moje-autoskola.cz/admin_prednaska.php?edit_id=74592
11.9.2025,16:15,Brno,37,4,9,8,1,219400,270600,2,74586,https://nobe.moje-autoskola.cz/admin_prednaska.php?edit_id=74586
4.9.2025,17:15,Brno,36,4,11,8,3,195650,234900,3,74591,https://nobe.moje-autoskola.cz/admin_prednaska.php?edit_id=74591
4.9.2025,16:15,Brno,36,4,7,5,2,163343,214943,2,74584,https://nobe.moje-autoskola.cz/admin_prednaska.php?edit_id=74584
30.10.2025,17:15,Brno,44,4,9,7,2,189400,194400,3,80465,https://nobe.moje-autoskola.cz/admin_prednaska.php?edit_id=80465
30.10.2025,16:15,Brno,44,4,8,6,2,164700,167900,2,80464,https://nobe.moje-autoskola.cz/admin_prednaska.php?edit_id=80464
23.10.2025,17:15,Brno,43,4,7,7,0,187550,188750,0,80463,https://nobe.moje-autoskola.cz/admin_prednaska.php?edit_id=80463
23.10.2025,16:15,Brno,43,4,0,0,0,0,0,0,80462,https://nobe.moje-autoskola.cz/admin_prednaska.php?edit_id=80462
16.10.2025,17:15,Brno,42,4,3,2,1,49100,74400,1,80461,https://nobe.moje-autoskola.cz/admin_prednaska.php?edit_id=80461
16.10.2025,16:15,Brno,42,4,8,4,4,89620,93120,3,80460,https://nobe.moje-autoskola.cz/admin_prednaska.php?edit_id=80460
9.10.2025,17:15,Brno,41,4,8,7,1,159620,196050,3,80459,https://nobe.moje-autoskola.cz/admin_prednaska.php?edit_id=80459
9.10.2025,16:15,Brno,41,4,8,5,3,113425,161325,4,80458,https://nobe.moje-autoskola.cz/admin_prednaska.php?edit_id=80458
2.10.2025,17:15,Brno,40,4,4,2,2,29600,57400,2,80457,https://nobe.moje-autoskola.cz/admin_prednaska.php?edit_id=80457
2.10.2025,16:15,Brno,40,4,5,5,0,115450,134050,1,80456,https://nobe.moje-autoskola.cz/admin_prednaska.php?edit_id=80456
27.11.2025,17:15,Brno,48,4,3,2,1,50300,50300,0,80475,https://nobe.moje-autoskola.cz/admin_prednaska.php?edit_id=80475
27.11.2025,16:15,Brno,48,4,2,2,0,26380,48300,1,80474,https://nobe.moje-autoskola.cz/admin_prednaska.php?edit_id=80474
20.11.2025,17:15,Brno,47,4,3,1,2,26350,26350,2,80473,https://nobe.moje-autoskola.cz/admin_prednaska.php?edit_id=80473
20.11.2025,16:15,Brno,47,4,5,3,2,85650,112450,2,80472,https://nobe.moje-autoskola.cz/admin_prednaska.php?edit_id=80472
13.11.2025,17:15,Brno,46,4,7,7,0,171670,205350,1,80471,https://nobe.moje-autoskola.cz/admin_prednaska.php?edit_id=80471
13.11.2025,16:15,Brno,46,4,3,3,0,51000,51000,0,80470,https://nobe.moje-autoskola.cz/admin_prednaska.php?edit_id=80470
6.11.2025,17:15,Brno,45,4,3,3,0,75270,89850,2,80469,https://nobe.moje-autoskola.cz/admin_prednaska.php?edit_id=80469
6.11.2025,16:15,Brno,45,4,9,2,7,54600,105700,6,80468,https://nobe.moje-autoskola.cz/admin_prednaska.php?edit_id=80468
29.12.2025,17:15,Brno,1,1,0,0,0,0,0,0,80483,https://nobe.moje-autoskola.cz/admin_prednaska.php?edit_id=80483
29.12.2025,16:15,Brno,1,1,0,0,0,0,0,0,80482,https://nobe.moje-autoskola.cz/admin_prednaska.php?edit_id=80482
22.12.2025,17:15,Brno,52,1,0,0,0,0,0,0,91801,https://nobe.moje-autoskola.cz/admin_prednaska.php?edit_id=91801
22.12.2025,16:15,Brno,52,1,2,2,0,56586,56586,0,91800,https://nobe.moje-autoskola.cz/admin_prednaska.php?edit_id=91800
18.12.2025,17:15,Brno,51,4,6,2,4,75600,155500,5,80481,https://nobe.moje-autoskola.cz/admin_prednaska.php?edit_id=80481
18.12.2025,16:15,Brno,51,4,2,1,1,28300,53600,1,80480,https://nobe.moje-autoskola.cz/admin_prednaska.php?edit_id=80480
11.12.2025,17:15,Brno,50,4,3,3,0,70020,84600,1,80479,https://nobe.moje-autoskola.cz/admin_prednaska.php?edit_id=80479
11.12.2025,16:15,Brno,50,4,3,3,0,103450,103450,0,80478,https://nobe.moje-autoskola.cz/admin_prednaska.php?edit_id=80478
4.12.2025,17:15,Brno,49,4,3,3,0,52280,74200,0,80477,https://nobe.moje-autoskola.cz/admin_prednaska.php?edit_id=80477
4.12.2025,16:15,Brno,49,4,1,1,0,22600,22600,0,80476,https://nobe.moje-autoskola.cz/admin_prednaska.php?edit_id=80476
30.1.2025,16:00,Plzen,5,4,8,5,3,125028,130028,3,57754,https://nobe.moje-autoskola.cz/admin_prednaska.php?edit_id=57754
23.1.2025,16:00,Plzen,4,4,12,10,2,218848,231768,3,57753,https://nobe.moje-autoskola.cz/admin_prednaska.php?edit_id=57753
16.1.2025,16:00,Plzen,3,4,14,9,5,207758,220678,6,57752,https://nobe.moje-autoskola.cz/admin_prednaska.php?edit_id=57752
9.1.2025,16:00,Plzen,2,4,10,7,3,155300,155300,3,57751,https://nobe.moje-autoskola.cz/admin_prednaska.php?edit_id=57751
2.1.2025,16:00,Plzen,1,4,6,4,2,92730,100650,3,73912,https://nobe.moje-autoskola.cz/admin_prednaska.php?edit_id=73912
27.2.2025,16:15,Plzen,9,4,10,9,1,177225,194575,6,72563,https://nobe.moje-autoskola.cz/admin_prednaska.php?edit_id=72563
20.2.2025,16:15,Plzen,8,4,13,9,4,199400,224700,7,72562,https://nobe.moje-autoskola.cz/admin_prednaska.php?edit_id=72562
13.2.2025,16:15,Plzen,7,4,15,11,4,241274,281424,5,72561,https://nobe.moje-autoskola.cz/admin_prednaska.php?edit_id=72561
6.2.2025,16:15,Plzen,6,4,10,9,1,206600,224700,2,72560,https://nobe.moje-autoskola.cz/admin_prednaska.php?edit_id=72560
27.3.2025,16:15,Plzen,13,4,14,12,2,277050,297850,2,72568,https://nobe.moje-autoskola.cz/admin_prednaska.php?edit_id=72568
20.3.2025,16:15,Plzen,12,4,20,13,7,320750,405750,6,72567,https://nobe.moje-autoskola.cz/admin_prednaska.php?edit_id=72567
13.3.2025,16:15,Plzen,11,4,19,16,3,423296,464396,3,72565,https://nobe.moje-autoskola.cz/admin_prednaska.php?edit_id=72565
6.3.2025,16:15,Plzen,10,4,1,1,0,21500,21500,0,72564,https://nobe.moje-autoskola.cz/admin_prednaska.php?edit_id=72564
29.4.2025,16:15,Plzen,18,2,5,5,0,105000,105000,1,79773,https://nobe.moje-autoskola.cz/admin_prednaska.php?edit_id=79773
24.4.2025,16:15,Plzen,17,4,12,11,1,230010,249360,2,72572,https://nobe.moje-autoskola.cz/admin_prednaska.php?edit_id=72572
17.4.2025,16:15,Plzen,16,4,9,6,3,127550,179350,3,72571,https://nobe.moje-autoskola.cz/admin_prednaska.php?edit_id=72571
10.4.2025,16:15,Plzen,15,4,10,8,2,203250,203250,2,72570,https://nobe.moje-autoskola.cz/admin_prednaska.php?edit_id=72570
3.4.2025,16:15,Plzen,14,4,9,7,2,170282,175282,2,72569,https://nobe.moje-autoskola.cz/admin_prednaska.php?edit_id=72569
29.5.2025,16:15,Plzen,22,4,12,12,0,260778,278628,1,72575,https://nobe.moje-autoskola.cz/admin_prednaska.php?edit_id=72575
22.5.2025,16:15,Plzen,21,4,9,8,1,210850,213350,1,72574,https://nobe.moje-autoskola.cz/admin_prednaska.php?edit_id=72574
15.5.2025,16:15,Plzen,20,4,9,7,2,130830,135830,4,72573,https://nobe.moje-autoskola.cz/admin_prednaska.php?edit_id=72573
6.5.2025,16:15,Plzen,19,2,14,8,6,212850,246650,6,76923,https://nobe.moje-autoskola.cz/admin_prednaska.php?edit_id=76923
26.6.2025,16:15,Plzen,26,4,14,10,4,275600,289600,4,72579,https://nobe.moje-autoskola.cz/admin_prednaska.php?edit_id=72579
19.6.2025,16:15,Plzen,25,4,17,13,4,359764,386104,6,72578,https://nobe.moje-autoskola.cz/admin_prednaska.php?edit_id=72578
12.6.2025,16:15,Plzen,24,4,13,11,2,291700,296700,2,72577,https://nobe.moje-autoskola.cz/admin_prednaska.php?edit_id=72577
5.6.2025,16:15,Plzen,23,4,10,9,1,238307,244057,2,72576,https://nobe.moje-autoskola.cz/admin_prednaska.php?edit_id=72576
31.7.2025,16:15,Plzen,31,4,4,2,2,48400,55200,2,73079,https://nobe.moje-autoskola.cz/admin_prednaska.php?edit_id=73079
24.7.2025,16:15,Plzen,30,4,8,8,0,154800,164700,0,73078,https://nobe.moje-autoskola.cz/admin_prednaska.php?edit_id=73078
17.7.2025,16:15,Plzen,29,4,15,12,3,253925,290825,6,73077,https://nobe.moje-autoskola.cz/admin_prednaska.php?edit_id=73077
10.7.2025,16:15,Plzen,28,4,14,11,3,240300,242800,3,73076,https://nobe.moje-autoskola.cz/admin_prednaska.php?edit_id=73076
3.7.2025,16:15,Plzen,27,4,9,9,0,193850,193850,1,73075,https://nobe.moje-autoskola.cz/admin_prednaska.php?edit_id=73075
28.8.2025,16:15,Plzen,35,4,13,13,0,322300,322300,1,73083,https://nobe.moje-autoskola.cz/admin_prednaska.php?edit_id=73083
21.8.2025,16:15,Plzen,34,4,10,10,0,243299,243299,1,73082,https://nobe.moje-autoskola.cz/admin_prednaska.php?edit_id=73082
14.8.2025,16:15,Plzen,33,4,15,12,3,311668,345968,5,73081,https://nobe.moje-autoskola.cz/admin_prednaska.php?edit_id=73081
7.8.2025,16:15,Plzen,32,4,11,10,1,232060,232760,4,73080,https://nobe.moje-autoskola.cz/admin_prednaska.php?edit_id=73080
25.9.2025,16:15,Plzen,39,4,9,7,2,172200,217300,2,73087,https://nobe.moje-autoskola.cz/admin_prednaska.php?edit_id=73087
18.9.2025,16:15,Plzen,38,4,11,11,0,278010,279160,0,73086,https://nobe.moje-autoskola.cz/admin_prednaska.php?edit_id=73086
11.9.2025,16:15,Plzen,37,4,16,13,3,301600,322900,3,73085,https://nobe.moje-autoskola.cz/admin_prednaska.php?edit_id=73085
4.9.2025,16:15,Plzen,36,4,18,13,5,268146,403100,7,73084,https://nobe.moje-autoskola.cz/admin_prednaska.php?edit_id=73084
30.10.2025,16:15,Plzen,44,4,6,5,1,134661,134661,1,73092,https://nobe.moje-autoskola.cz/admin_prednaska.php?edit_id=73092
23.10.2025,16:15,Plzen,43,4,12,9,3,212058,218558,3,73091,https://nobe.moje-autoskola.cz/admin_prednaska.php?edit_id=73091
16.10.2025,16:15,Plzen,42,4,13,9,4,234900,307300,4,73090,https://nobe.moje-autoskola.cz/admin_prednaska.php?edit_id=73090
9.10.2025,16:15,Plzen,41,4,12,12,0,288975,290075,0,73089,https://nobe.moje-autoskola.cz/admin_prednaska.php?edit_id=73089
2.10.2025,16:15,Plzen,40,4,6,5,1,117600,141400,1,73088,https://nobe.moje-autoskola.cz/admin_prednaska.php?edit_id=73088
27.11.2025,16:15,Plzen,48,4,4,4,0,94650,95450,0,73096,https://nobe.moje-autoskola.cz/admin_prednaska.php?edit_id=73096
20.11.2025,16:15,Plzen,47,4,7,4,3,85700,94800,3,73095,https://nobe.moje-autoskola.cz/admin_prednaska.php?edit_id=73095
13.11.2025,16:15,Plzen,46,4,10,10,0,219893,221493,0,73094,https://nobe.moje-autoskola.cz/admin_prednaska.php?edit_id=73094
6.11.2025,16:15,Plzen,45,4,12,11,1,232500,236200,2,73093,https://nobe.moje-autoskola.cz/admin_prednaska.php?edit_id=73093
18.12.2025,16:15,Plzen,51,4,8,4,4,92980,189000,6,73099,https://nobe.moje-autoskola.cz/admin_prednaska.php?edit_id=73099
11.12.2025,16:15,Plzen,50,4,4,3,1,77336,97636,1,73098,https://nobe.moje-autoskola.cz/admin_prednaska.php?edit_id=73098
4.12.2025,16:15,Plzen,49,4,2,2,0,43471,43471,0,73097,https://nobe.moje-autoskola.cz/admin_prednaska.php?edit_id=73097
28.8.2025,17:15,Ostrava,35,4,8,4,4,88150,171850,3,80309,https://nobe.moje-autoskola.cz/admin_prednaska.php?edit_id=80309
28.8.2025,16:15,Ostrava,35,4,7,6,1,156700,156700,1,80308,https://nobe.moje-autoskola.cz/admin_prednaska.php?edit_id=80308
21.8.2025,17:15,Ostrava,34,4,8,7,1,157750,177150,1,80306,https://nobe.moje-autoskola.cz/admin_prednaska.php?edit_id=80306
21.8.2025,16:15,Ostrava,34,4,9,7,2,133310,171250,2,80305,https://nobe.moje-autoskola.cz/admin_prednaska.php?edit_id=80305
14.8.2025,17:15,Ostrava,33,4,2,2,0,39650,42050,1,80303,https://nobe.moje-autoskola.cz/admin_prednaska.php?edit_id=80303
14.8.2025,16:15,Ostrava,33,4,9,9,0,188785,203525,2,80302,https://nobe.moje-autoskola.cz/admin_prednaska.php?edit_id=80302
7.8.2025,17:15,Ostrava,32,4,9,6,3,117910,140050,7,80300,https://nobe.moje-autoskola.cz/admin_prednaska.php?edit_id=80300
7.8.2025,16:15,Ostrava,32,4,9,8,1,183600,185200,1,80291,https://nobe.moje-autoskola.cz/admin_prednaska.php?edit_id=80291
25.9.2025,17:15,Ostrava,39,4,9,8,1,132170,175390,1,80558,https://nobe.moje-autoskola.cz/admin_prednaska.php?edit_id=80558
25.9.2025,16:15,Ostrava,39,4,11,11,0,255025,256225,1,80557,https://nobe.moje-autoskola.cz/admin_prednaska.php?edit_id=80557
18.9.2025,17:15,Ostrava,38,4,9,9,0,208850,208850,0,80556,https://nobe.moje-autoskola.cz/admin_prednaska.php?edit_id=80556
18.9.2025,16:15,Ostrava,38,4,11,7,4,135125,193325,6,80555,https://nobe.moje-autoskola.cz/admin_prednaska.php?edit_id=80555
11.9.2025,17:15,Ostrava,37,4,9,8,1,196800,218300,3,80554,https://nobe.moje-autoskola.cz/admin_prednaska.php?edit_id=80554
11.9.2025,16:15,Ostrava,37,4,9,8,1,161100,176150,1,80553,https://nobe.moje-autoskola.cz/admin_prednaska.php?edit_id=80553
4.9.2025,17:15,Ostrava,36,4,5,5,0,104750,105550,1,80552,https://nobe.moje-autoskola.cz/admin_prednaska.php?edit_id=80552
4.9.2025,16:15,Ostrava,36,4,5,4,1,91750,94150,1,80551,https://nobe.moje-autoskola.cz/admin_prednaska.php?edit_id=80551
30.10.2025,17:15,Ostrava,44,4,5,4,1,91500,94000,1,80568,https://nobe.moje-autoskola.cz/admin_prednaska.php?edit_id=80568
30.10.2025,16:15,Ostrava,44,4,8,4,4,86575,124675,5,80567,https://nobe.moje-autoskola.cz/admin_prednaska.php?edit_id=80567
23.10.2025,17:15,Ostrava,43,4,9,9,0,214700,215400,0,80566,https://nobe.moje-autoskola.cz/admin_prednaska.php?edit_id=80566
23.10.2025,16:15,Ostrava,43,4,10,6,4,100600,149200,4,80565,https://nobe.moje-autoskola.cz/admin_prednaska.php?edit_id=80565
16.10.2025,17:15,Ostrava,42,4,8,5,3,100000,152400,3,80564,https://nobe.moje-autoskola.cz/admin_prednaska.php?edit_id=80564
16.10.2025,16:15,Ostrava,42,4,7,4,3,70450,98250,5,80563,https://nobe.moje-autoskola.cz/admin_prednaska.php?edit_id=80563
9.10.2025,17:15,Ostrava,41,4,3,3,0,62550,63350,1,80562,https://nobe.moje-autoskola.cz/admin_prednaska.php?edit_id=80562
9.10.2025,16:15,Ostrava,41,4,6,6,0,137850,138550,0,80561,https://nobe.moje-autoskola.cz/admin_prednaska.php?edit_id=80561
2.10.2025,17:15,Ostrava,40,4,8,6,2,103945,156625,4,80560,https://nobe.moje-autoskola.cz/admin_prednaska.php?edit_id=80560
2.10.2025,16:15,Ostrava,40,4,7,5,2,106900,129200,2,80559,https://nobe.moje-autoskola.cz/admin_prednaska.php?edit_id=80559
27.11.2025,17:15,Ostrava,48,4,1,1,0,16800,17600,0,80591,https://nobe.moje-autoskola.cz/admin_prednaska.php?edit_id=80591
27.11.2025,16:15,Ostrava,48,4,2,2,0,45500,45500,0,80590,https://nobe.moje-autoskola.cz/admin_prednaska.php?edit_id=80590
20.11.2025,17:15,Ostrava,47,4,10,7,3,102649,124749,4,80589,https://nobe.moje-autoskola.cz/admin_prednaska.php?edit_id=80589
20.11.2025,16:15,Ostrava,47,4,6,2,4,35880,63200,4,80588,https://nobe.moje-autoskola.cz/admin_prednaska.php?edit_id=80588
13.11.2025,17:15,Ostrava,46,4,7,6,1,128750,148100,2,80587,https://nobe.moje-autoskola.cz/admin_prednaska.php?edit_id=80587
13.11.2025,16:15,Ostrava,46,4,5,2,3,38700,62000,3,80586,https://nobe.moje-autoskola.cz/admin_prednaska.php?edit_id=80586
6.11.2025,17:15,Ostrava,45,4,4,4,0,73250,87350,2,80585,https://nobe.moje-autoskola.cz/admin_prednaska.php?edit_id=80585
6.11.2025,16:15,Ostrava,45,4,6,5,1,91255,92855,1,80584,https://nobe.moje-autoskola.cz/admin_prednaska.php?edit_id=80584
29.12.2025,17:15,Ostrava,1,1,0,0,0,0,0,0,92282,https://nobe.moje-autoskola.cz/admin_prednaska.php?edit_id=92282
29.12.2025,16:15,Ostrava,1,1,0,0,0,0,0,0,92281,https://nobe.moje-autoskola.cz/admin_prednaska.php?edit_id=92281
22.12.2025,17:15,Ostrava,52,1,2,1,1,24200,24200,1,92280,https://nobe.moje-autoskola.cz/admin_prednaska.php?edit_id=92280
22.12.2025,16:15,Ostrava,52,1,0,0,0,0,0,0,92279,https://nobe.moje-autoskola.cz/admin_prednaska.php?edit_id=92279
18.12.2025,17:15,Ostrava,51,4,10,5,5,67650,175050,6,80597,https://nobe.moje-autoskola.cz/admin_prednaska.php?edit_id=80597
18.12.2025,16:15,Ostrava,51,4,7,6,1,101300,111800,1,80596,https://nobe.moje-autoskola.cz/admin_prednaska.php?edit_id=80596
11.12.2025,17:15,Ostrava,50,4,1,1,0,18300,18300,0,80595,https://nobe.moje-autoskola.cz/admin_prednaska.php?edit_id=80595
11.12.2025,16:15,Ostrava,50,4,5,5,0,84030,107550,0,80594,https://nobe.moje-autoskola.cz/admin_prednaska.php?edit_id=80594
4.12.2025,17:15,Ostrava,49,4,2,2,0,40400,42950,0,80593,https://nobe.moje-autoskola.cz/admin_prednaska.php?edit_id=80593
4.12.2025,16:15,Ostrava,49,4,4,3,1,41320,73060,2,80592,https://nobe.moje-autoskola.cz/admin_prednaska.php?edit_id=80592
30.1.2025,16:15,Olomouc,5,4,7,5,2,112800,115300,2,72907,https://nobe.moje-autoskola.cz/admin_prednaska.php?edit_id=72907
23.1.2025,16:15,Olomouc,4,4,7,7,0,161000,161000,0,72905,https://nobe.moje-autoskola.cz/admin_prednaska.php?edit_id=72905
16.1.2025,16:15,Olomouc,3,4,7,5,2,130100,132600,2,72906,https://nobe.moje-autoskola.cz/admin_prednaska.php?edit_id=72906
9.1.2025,16:15,Olomouc,2,4,7,5,2,107150,109650,3,72904,https://nobe.moje-autoskola.cz/admin_prednaska.php?edit_id=72904
2.1.2025,16:15,Olomouc,1,4,6,5,1,89550,92050,2,72903,https://nobe.moje-autoskola.cz/admin_prednaska.php?edit_id=72903
27.2.2025,16:15,Olomouc,9,4,10,7,3,155150,202250,2,72992,https://nobe.moje-autoskola.cz/admin_prednaska.php?edit_id=72992
20.2.2025,16:15,Olomouc,8,4,9,6,3,135650,140650,4,72991,https://nobe.moje-autoskola.cz/admin_prednaska.php?edit_id=72991
13.2.2025,16:15,Olomouc,7,4,9,8,1,178150,178150,1,72990,https://nobe.moje-autoskola.cz/admin_prednaska.php?edit_id=72990
6.2.2025,16:15,Olomouc,6,4,9,7,2,156550,159050,1,72989,https://nobe.moje-autoskola.cz/admin_prednaska.php?edit_id=72989
27.3.2025,16:15,Olomouc,13,4,10,10,0,250550,250550,0,72996,https://nobe.moje-autoskola.cz/admin_prednaska.php?edit_id=72996
20.3.2025,16:15,Olomouc,12,4,12,8,4,164450,171950,4,72995,https://nobe.moje-autoskola.cz/admin_prednaska.php?edit_id=72995
13.3.2025,16:15,Olomouc,11,4,9,9,0,198450,198450,1,72994,https://nobe.moje-autoskola.cz/admin_prednaska.php?edit_id=72994
6.3.2025,16:15,Olomouc,10,4,9,8,1,160050,172450,3,72993,https://nobe.moje-autoskola.cz/admin_prednaska.php?edit_id=72993
29.4.2025,16:15,Olomouc,18,2,12,10,2,225400,234700,3,79784,https://nobe.moje-autoskola.cz/admin_prednaska.php?edit_id=79784
24.4.2025,16:15,Olomouc,17,4,12,7,5,148150,155650,6,73000,https://nobe.moje-autoskola.cz/admin_prednaska.php?edit_id=73000
17.4.2025,16:15,Olomouc,16,4,9,8,1,175300,176100,2,72999,https://nobe.moje-autoskola.cz/admin_prednaska.php?edit_id=72999
10.4.2025,16:15,Olomouc,15,4,10,9,1,224000,247300,1,72998,https://nobe.moje-autoskola.cz/admin_prednaska.php?edit_id=72998
3.4.2025,16:15,Olomouc,14,4,11,10,1,208950,239650,1,72997,https://nobe.moje-autoskola.cz/admin_prednaska.php?edit_id=72997
29.5.2025,16:15,Olomouc,22,4,13,10,3,217300,222300,6,73307,https://nobe.moje-autoskola.cz/admin_prednaska.php?edit_id=73307
22.5.2025,16:15,Olomouc,21,4,15,13,2,245600,280100,2,73304,https://nobe.moje-autoskola.cz/admin_prednaska.php?edit_id=73304
15.5.2025,16:15,Olomouc,20,4,12,12,0,252950,262350,1,73303,https://nobe.moje-autoskola.cz/admin_prednaska.php?edit_id=73303
6.5.2025,16:15,Olomouc,19,2,10,10,0,171800,181200,0,79786,https://nobe.moje-autoskola.cz/admin_prednaska.php?edit_id=79786
26.6.2025,16:15,Olomouc,26,4,16,16,0,363800,363800,2,73319,https://nobe.moje-autoskola.cz/admin_prednaska.php?edit_id=73319
19.6.2025,16:15,Olomouc,25,4,17,14,3,288625,317825,5,73317,https://nobe.moje-autoskola.cz/admin_prednaska.php?edit_id=73317
12.6.2025,16:15,Olomouc,24,4,17,14,3,314150,331250,6,73314,https://nobe.moje-autoskola.cz/admin_prednaska.php?edit_id=73314
5.6.2025,16:15,Olomouc,23,4,15,12,3,249500,285900,6,73310,https://nobe.moje-autoskola.cz/admin_prednaska.php?edit_id=73310
31.7.2025,16:15,Olomouc,31,4,12,7,5,143410,189951,5,73332,https://nobe.moje-autoskola.cz/admin_prednaska.php?edit_id=73332
24.7.2025,16:15,Olomouc,30,4,12,11,1,244340,247900,3,73325,https://nobe.moje-autoskola.cz/admin_prednaska.php?edit_id=73325
17.7.2025,16:15,Olomouc,29,4,10,8,2,186800,189300,2,73324,https://nobe.moje-autoskola.cz/admin_prednaska.php?edit_id=73324
10.7.2025,16:15,Olomouc,28,4,15,14,1,319300,322200,1,73322,https://nobe.moje-autoskola.cz/admin_prednaska.php?edit_id=73322
3.7.2025,16:15,Olomouc,27,4,13,12,1,262100,264600,3,73320,https://nobe.moje-autoskola.cz/admin_prednaska.php?edit_id=73320
28.8.2025,16:15,Olomouc,35,4,11,9,2,158300,227200,3,73351,https://nobe.moje-autoskola.cz/admin_prednaska.php?edit_id=73351
21.8.2025,16:15,Olomouc,34,4,5,5,0,102921,102921,2,73345,https://nobe.moje-autoskola.cz/admin_prednaska.php?edit_id=73345
14.8.2025,16:15,Olomouc,33,4,10,8,2,182575,209376,2,73342,https://nobe.moje-autoskola.cz/admin_prednaska.php?edit_id=73342
7.8.2025,16:15,Olomouc,32,4,11,9,2,179500,216100,4,73334,https://nobe.moje-autoskola.cz/admin_prednaska.php?edit_id=73334
25.9.2025,16:15,Olomouc,39,4,10,9,1,199000,202900,1,80298,https://nobe.moje-autoskola.cz/admin_prednaska.php?edit_id=80298
18.9.2025,16:15,Olomouc,38,4,11,11,0,233150,233950,0,80296,https://nobe.moje-autoskola.cz/admin_prednaska.php?edit_id=80296
11.9.2025,16:15,Olomouc,37,4,11,8,3,169450,222551,4,80287,https://nobe.moje-autoskola.cz/admin_prednaska.php?edit_id=80287
4.9.2025,16:15,Olomouc,36,4,14,10,4,220750,272550,3,80283,https://nobe.moje-autoskola.cz/admin_prednaska.php?edit_id=80283
30.10.2025,16:15,Olomouc,44,4,2,2,0,38600,38600,0,80311,https://nobe.moje-autoskola.cz/admin_prednaska.php?edit_id=80311
23.10.2025,16:15,Olomouc,43,4,3,3,0,68350,68350,0,80310,https://nobe.moje-autoskola.cz/admin_prednaska.php?edit_id=80310
16.10.2025,16:15,Olomouc,42,4,6,4,2,86000,104300,4,80307,https://nobe.moje-autoskola.cz/admin_prednaska.php?edit_id=80307
9.10.2025,16:15,Olomouc,41,4,9,8,1,189300,189300,2,80304,https://nobe.moje-autoskola.cz/admin_prednaska.php?edit_id=80304
2.10.2025,16:15,Olomouc,40,4,10,9,1,190100,193500,1,80301,https://nobe.moje-autoskola.cz/admin_prednaska.php?edit_id=80301
27.11.2025,16:15,Olomouc,48,4,5,4,1,78350,96150,0,80323,https://nobe.moje-autoskola.cz/admin_prednaska.php?edit_id=80323
20.11.2025,16:15,Olomouc,47,4,5,3,2,43500,43500,4,80320,https://nobe.moje-autoskola.cz/admin_prednaska.php?edit_id=80320
13.11.2025,16:15,Olomouc,46,4,8,7,1,140500,160000,0,80315,https://nobe.moje-autoskola.cz/admin_prednaska.php?edit_id=80315
6.11.2025,16:15,Olomouc,45,4,5,5,0,109100,109100,2,80312,https://nobe.moje-autoskola.cz/admin_prednaska.php?edit_id=80312
29.12.2025,16:15,Olomouc,1,1,4,4,0,48568,74200,2,91793,https://nobe.moje-autoskola.cz/admin_prednaska.php?edit_id=91793
22.12.2025,16:15,Olomouc,52,1,4,2,2,29400,38800,2,91792,https://nobe.moje-autoskola.cz/admin_prednaska.php?edit_id=91792
18.12.2025,16:15,Olomouc,51,4,1,1,0,6700,19300,1,80334,https://nobe.moje-autoskola.cz/admin_prednaska.php?edit_id=80334
11.12.2025,16:15,Olomouc,50,4,3,2,1,41550,59850,1,80330,https://nobe.moje-autoskola.cz/admin_prednaska.php?edit_id=80330
4.12.2025,16:15,Olomouc,49,4,2,2,0,44000,44000,0,80327,https://nobe.moje-autoskola.cz/admin_prednaska.php?edit_id=80327
30.1.2025,17:00,Hradec Kralove,5,4,10,7,3,168550,173950,5,73005,https://nobe.moje-autoskola.cz/admin_prednaska.php?edit_id=73005
23.1.2025,17:00,Hradec Kralove,4,4,7,6,1,131730,131730,1,73004,https://nobe.moje-autoskola.cz/admin_prednaska.php?edit_id=73004
16.1.2025,17:00,Hradec Kralove,3,4,11,8,3,193810,196310,4,73003,https://nobe.moje-autoskola.cz/admin_prednaska.php?edit_id=73003
9.1.2025,17:00,Hradec Kralove,2,4,8,7,1,175100,175100,1,73002,https://nobe.moje-autoskola.cz/admin_prednaska.php?edit_id=73002
27.2.2025,17:15,Hradec Kralove,9,4,8,7,1,205100,205100,1,73009,https://nobe.moje-autoskola.cz/admin_prednaska.php?edit_id=73009
20.2.2025,17:15,Hradec Kralove,8,4,8,6,2,133350,138350,2,73008,https://nobe.moje-autoskola.cz/admin_prednaska.php?edit_id=73008
13.2.2025,17:15,Hradec Kralove,7,4,9,8,1,182400,185700,1,73007,https://nobe.moje-autoskola.cz/admin_prednaska.php?edit_id=73007
6.2.2025,17:15,Hradec Kralove,6,4,10,7,3,164370,171870,4,73006,https://nobe.moje-autoskola.cz/admin_prednaska.php?edit_id=73006
27.3.2025,17:15,Hradec Kralove,13,4,11,9,2,223850,246150,1,73013,https://nobe.moje-autoskola.cz/admin_prednaska.php?edit_id=73013
20.3.2025,17:15,Hradec Kralove,12,4,9,7,2,168100,173100,2,73012,https://nobe.moje-autoskola.cz/admin_prednaska.php?edit_id=73012
13.3.2025,17:15,Hradec Kralove,11,4,10,7,3,175650,183150,3,73011,https://nobe.moje-autoskola.cz/admin_prednaska.php?edit_id=73011
6.3.2025,17:15,Hradec Kralove,10,4,10,9,1,189200,191700,2,73010,https://nobe.moje-autoskola.cz/admin_prednaska.php?edit_id=73010
29.4.2025,17:15,Hradec Kralove,18,2,7,6,1,120400,122900,2,80138,https://nobe.moje-autoskola.cz/admin_prednaska.php?edit_id=80138
24.4.2025,17:15,Hradec Kralove,17,4,5,4,1,83600,101700,1,73017,https://nobe.moje-autoskola.cz/admin_prednaska.php?edit_id=73017
17.4.2025,17:15,Hradec Kralove,16,4,5,3,2,52300,59750,2,73016,https://nobe.moje-autoskola.cz/admin_prednaska.php?edit_id=73016
10.4.2025,17:15,Hradec Kralove,15,4,5,4,1,97710,97710,1,73015,https://nobe.moje-autoskola.cz/admin_prednaska.php?edit_id=73015
3.4.2025,17:15,Hradec Kralove,14,4,8,6,2,143550,164850,2,73014,https://nobe.moje-autoskola.cz/admin_prednaska.php?edit_id=73014
29.5.2025,17:15,Hradec Kralove,22,4,10,8,2,195456,209256,3,73020,https://nobe.moje-autoskola.cz/admin_prednaska.php?edit_id=73020
22.5.2025,17:15,Hradec Kralove,21,4,11,10,1,248450,250950,2,73019,https://nobe.moje-autoskola.cz/admin_prednaska.php?edit_id=73019
15.5.2025,17:15,Hradec Kralove,20,4,12,10,2,206510,219710,1,73018,https://nobe.moje-autoskola.cz/admin_prednaska.php?edit_id=73018
6.5.2025,17:15,Hradec Kralove,19,2,6,5,1,117950,128370,1,80140,https://nobe.moje-autoskola.cz/admin_prednaska.php?edit_id=80140
26.6.2025,17:15,Hradec Kralove,26,4,8,7,1,180150,200950,2,73024,https://nobe.moje-autoskola.cz/admin_prednaska.php?edit_id=73024
19.6.2025,17:15,Hradec Kralove,25,4,11,8,3,191230,212570,4,73023,https://nobe.moje-autoskola.cz/admin_prednaska.php?edit_id=73023
12.6.2025,17:15,Hradec Kralove,24,4,5,5,0,105450,105450,0,73022,https://nobe.moje-autoskola.cz/admin_prednaska.php?edit_id=73022
5.6.2025,17:15,Hradec Kralove,23,4,7,5,2,152350,157350,3,73021,https://nobe.moje-autoskola.cz/admin_prednaska.php?edit_id=73021
31.7.2025,17:15,Hradec Kralove,31,4,4,4,0,95000,95000,1,78104,https://nobe.moje-autoskola.cz/admin_prednaska.php?edit_id=78104
24.7.2025,17:15,Hradec Kralove,30,4,12,9,3,222500,233800,4,78103,https://nobe.moje-autoskola.cz/admin_prednaska.php?edit_id=78103
17.7.2025,17:15,Hradec Kralove,29,4,8,7,1,193580,193580,2,78102,https://nobe.moje-autoskola.cz/admin_prednaska.php?edit_id=78102
10.7.2025,17:15,Hradec Kralove,28,4,12,11,1,286550,292250,2,78101,https://nobe.moje-autoskola.cz/admin_prednaska.php?edit_id=78101
3.7.2025,17:15,Hradec Kralove,27,4,9,9,0,213190,213190,0,78100,https://nobe.moje-autoskola.cz/admin_prednaska.php?edit_id=78100
28.8.2025,17:15,Hradec Kralove,35,4,9,8,1,188160,188160,1,78108,https://nobe.moje-autoskola.cz/admin_prednaska.php?edit_id=78108
21.8.2025,17:15,Hradec Kralove,34,4,7,5,2,119300,148100,2,78107,https://nobe.moje-autoskola.cz/admin_prednaska.php?edit_id=78107
14.8.2025,17:15,Hradec Kralove,33,4,7,7,0,186960,186960,1,78106,https://nobe.moje-autoskola.cz/admin_prednaska.php?edit_id=78106
7.8.2025,17:15,Hradec Kralove,32,4,3,3,0,73000,73000,0,78105,https://nobe.moje-autoskola.cz/admin_prednaska.php?edit_id=78105
25.9.2025,17:15,Hradec Kralove,39,4,10,10,0,226700,226700,0,78112,https://nobe.moje-autoskola.cz/admin_prednaska.php?edit_id=78112
18.9.2025,17:15,Hradec Kralove,38,4,10,9,1,246350,248850,1,78111,https://nobe.moje-autoskola.cz/admin_prednaska.php?edit_id=78111
11.9.2025,17:15,Hradec Kralove,37,4,6,5,1,144250,153050,1,78110,https://nobe.moje-autoskola.cz/admin_prednaska.php?edit_id=78110
4.9.2025,17:15,Hradec Kralove,36,4,11,10,1,236400,245200,2,78109,https://nobe.moje-autoskola.cz/admin_prednaska.php?edit_id=78109
30.10.2025,17:15,Hradec Kralove,44,4,4,4,0,80035,96375,0,78117,https://nobe.moje-autoskola.cz/admin_prednaska.php?edit_id=78117
23.10.2025,17:15,Hradec Kralove,43,4,0,0,0,0,0,0,78116,https://nobe.moje-autoskola.cz/admin_prednaska.php?edit_id=78116
16.10.2025,17:15,Hradec Kralove,42,4,8,6,2,149150,169050,2,78115,https://nobe.moje-autoskola.cz/admin_prednaska.php?edit_id=78115
9.10.2025,17:15,Hradec Kralove,41,4,6,6,0,128700,129500,0,78114,https://nobe.moje-autoskola.cz/admin_prednaska.php?edit_id=78114
2.10.2025,17:15,Hradec Kralove,40,4,8,7,1,156600,179450,1,78113,https://nobe.moje-autoskola.cz/admin_prednaska.php?edit_id=78113
27.11.2025,17:15,Hradec Kralove,48,4,8,8,0,164970,185270,2,78122,https://nobe.moje-autoskola.cz/admin_prednaska.php?edit_id=78122
20.11.2025,17:15,Hradec Kralove,47,4,4,3,1,65200,67700,1,78120,https://nobe.moje-autoskola.cz/admin_prednaska.php?edit_id=78120
13.11.2025,17:15,Hradec Kralove,46,4,2,2,0,56850,56850,0,78119,https://nobe.moje-autoskola.cz/admin_prednaska.php?edit_id=78119
6.11.2025,17:15,Hradec Kralove,45,4,3,3,0,65200,65200,0,78118,https://nobe.moje-autoskola.cz/admin_prednaska.php?edit_id=78118
29.12.2025,17:15,Hradec Kralove,1,1,1,0,1,0,20300,1,91795,https://nobe.moje-autoskola.cz/admin_prednaska.php?edit_id=91795
22.12.2025,17:15,Hradec Kralove,52,1,1,1,0,21700,21700,1,91794,https://nobe.moje-autoskola.cz/admin_prednaska.php?edit_id=91794
18.12.2025,17:15,Hradec Kralove,51,4,1,0,1,0,0,1,78125,https://nobe.moje-autoskola.cz/admin_prednaska.php?edit_id=78125
11.12.2025,17:15,Hradec Kralove,50,4,1,1,0,24000,24000,0,78124,https://nobe.moje-autoskola.cz/admin_prednaska.php?edit_id=78124
4.12.2025,17:15,Hradec Kralove,49,4,2,2,0,49500,49500,0,78123,https://nobe.moje-autoskola.cz/admin_prednaska.php?edit_id=78123
29.4.2025,16:15,Liberec,18,2,6,3,3,105150,113350,4,80019,https://nobe.moje-autoskola.cz/admin_prednaska.php?edit_id=80019
24.4.2025,16:15,Liberec,17,4,8,7,1,138100,143500,1,80018,https://nobe.moje-autoskola.cz/admin_prednaska.php?edit_id=80018
29.5.2025,16:15,Liberec,22,4,3,2,1,84625,88025,1,80023,https://nobe.moje-autoskola.cz/admin_prednaska.php?edit_id=80023
22.5.2025,16:15,Liberec,21,4,7,5,2,108214,123714,2,80022,https://nobe.moje-autoskola.cz/admin_prednaska.php?edit_id=80022
16.5.2025,16:00,Liberec,20,5,7,5,2,80800,112200,3,80021,https://nobe.moje-autoskola.cz/admin_prednaska.php?edit_id=80021
6.5.2025,16:15,Liberec,19,2,5,4,1,92300,134290,1,80020,https://nobe.moje-autoskola.cz/admin_prednaska.php?edit_id=80020
26.6.2025,16:15,Liberec,26,4,5,3,2,58340,67600,2,82575,https://nobe.moje-autoskola.cz/admin_prednaska.php?edit_id=82575
20.6.2025,16:30,Liberec,25,5,5,3,2,64080,107680,3,82574,https://nobe.moje-autoskola.cz/admin_prednaska.php?edit_id=82574
12.6.2025,16:15,Liberec,24,4,4,3,1,78300,78300,1,82573,https://nobe.moje-autoskola.cz/admin_prednaska.php?edit_id=82573
5.6.2025,16:15,Liberec,23,4,6,4,2,91450,117500,2,82572,https://nobe.moje-autoskola.cz/admin_prednaska.php?edit_id=82572
31.7.2025,16:15,Liberec,31,4,7,6,1,98100,98100,2,82580,https://nobe.moje-autoskola.cz/admin_prednaska.php?edit_id=82580
24.7.2025,16:15,Liberec,30,4,4,2,2,33820,50100,2,82579,https://nobe.moje-autoskola.cz/admin_prednaska.php?edit_id=82579
17.7.2025,16:15,Liberec,29,4,3,2,1,69800,72300,1,82578,https://nobe.moje-autoskola.cz/admin_prednaska.php?edit_id=82578
10.7.2025,16:15,Liberec,28,4,7,6,1,121275,141975,1,82577,https://nobe.moje-autoskola.cz/admin_prednaska.php?edit_id=82577
3.7.2025,16:15,Liberec,27,4,3,3,0,69600,69600,0,82576,https://nobe.moje-autoskola.cz/admin_prednaska.php?edit_id=82576
28.8.2025,16:15,Liberec,35,4,4,4,0,83400,88000,1,82583,https://nobe.moje-autoskola.cz/admin_prednaska.php?edit_id=82583
21.8.2025,16:15,Liberec,34,4,5,2,3,31560,86200,2,82584,https://nobe.moje-autoskola.cz/admin_prednaska.php?edit_id=82584
14.8.2025,16:15,Liberec,33,4,2,0,2,0,5000,2,82582,https://nobe.moje-autoskola.cz/admin_prednaska.php?edit_id=82582
7.8.2025,16:15,Liberec,32,4,7,5,2,97800,104100,4,82581,https://nobe.moje-autoskola.cz/admin_prednaska.php?edit_id=82581
25.9.2025,16:15,Liberec,39,4,8,6,2,152300,198900,2,82588,https://nobe.moje-autoskola.cz/admin_prednaska.php?edit_id=82588
18.9.2025,16:15,Liberec,38,4,7,3,4,129850,190750,5,82587,https://nobe.moje-autoskola.cz/admin_prednaska.php?edit_id=82587
11.9.2025,16:15,Liberec,37,4,7,3,4,51720,113600,4,82586,https://nobe.moje-autoskola.cz/admin_prednaska.php?edit_id=82586
4.9.2025,16:15,Liberec,36,4,7,5,2,119050,146450,2,82585,https://nobe.moje-autoskola.cz/admin_prednaska.php?edit_id=82585
30.10.2025,16:15,Liberec,44,4,2,2,0,38600,38600,0,82593,https://nobe.moje-autoskola.cz/admin_prednaska.php?edit_id=82593
23.10.2025,16:15,Liberec,43,4,4,3,1,54060,74400,1,82592,https://nobe.moje-autoskola.cz/admin_prednaska.php?edit_id=82592
16.10.2025,16:15,Liberec,42,4,7,5,2,62360,115000,4,82591,https://nobe.moje-autoskola.cz/admin_prednaska.php?edit_id=82591
9.10.2025,16:15,Liberec,41,4,5,4,1,73950,115350,2,82590,https://nobe.moje-autoskola.cz/admin_prednaska.php?edit_id=82590
2.10.2025,16:15,Liberec,40,4,8,4,4,125520,188900,5,82589,https://nobe.moje-autoskola.cz/admin_prednaska.php?edit_id=82589
27.11.2025,16:15,Liberec,48,4,2,2,0,39600,39600,0,82597,https://nobe.moje-autoskola.cz/admin_prednaska.php?edit_id=82597
20.11.2025,16:15,Liberec,47,4,3,3,0,26560,41600,2,82596,https://nobe.moje-autoskola.cz/admin_prednaska.php?edit_id=82596
13.11.2025,16:15,Liberec,46,4,4,3,1,31860,66200,2,82595,https://nobe.moje-autoskola.cz/admin_prednaska.php?edit_id=82595
6.11.2025,16:15,Liberec,45,4,2,2,0,39600,40000,0,82594,https://nobe.moje-autoskola.cz/admin_prednaska.php?edit_id=82594
29.12.2025,16:15,Liberec,1,1,1,0,1,0,20300,1,91851,https://nobe.moje-autoskola.cz/admin_prednaska.php?edit_id=91851
22.12.2025,16:15,Liberec,52,1,2,0,2,0,20300,2,91787,https://nobe.moje-autoskola.cz/admin_prednaska.php?edit_id=91787
18.12.2025,16:15,Liberec,51,4,2,2,0,51843,51843,1,82600,https://nobe.moje-autoskola.cz/admin_prednaska.php?edit_id=82600
11.12.2025,16:15,Liberec,50,4,1,1,0,20300,20300,1,82599,https://nobe.moje-autoskola.cz/admin_prednaska.php?edit_id=82599
4.12.2025,16:15,Liberec,49,4,1,1,0,4260,19300,0,82598,https://nobe.moje-autoskola.cz/admin_prednaska.php?edit_id=82598
27.11.2025,16:15,Pardubice,48,4,3,3,0,49500,66400,0,93215,https://nobe.moje-autoskola.cz/admin_prednaska.php?edit_id=93215
20.11.2025,16:15,Pardubice,47,4,0,0,0,0,0,0,93214,https://nobe.moje-autoskola.cz/admin_prednaska.php?edit_id=93214
13.11.2025,16:15,Pardubice,46,4,0,0,0,0,0,0,94265,https://nobe.moje-autoskola.cz/admin_prednaska.php?edit_id=94265
29.12.2025,17:15,Pardubice,1,1,2,1,1,29500,29500,1,96219,https://nobe.moje-autoskola.cz/admin_prednaska.php?edit_id=96219
18.12.2025,16:30,Pardubice,51,4,1,1,0,10400,21300,0,93217,https://nobe.moje-autoskola.cz/admin_prednaska.php?edit_id=93217
11.12.2025,16:30,Pardubice,50,4,1,0,1,0,0,1,93218,https://nobe.moje-autoskola.cz/admin_prednaska.php?edit_id=93218
4.12.2025,16:15,Pardubice,49,4,2,2,0,46800,46800,0,93216,https://nobe.moje-autoskola.cz/admin_prednaska.php?edit_id=93216
23.1.2025,16:30,Novy Jicin,4,4,5,4,1,75700,87100,2,73486,https://nobe.moje-autoskola.cz/admin_prednaska.php?edit_id=73486
9.1.2025,16:30,Novy Jicin,2,4,2,2,0,24300,24300,1,73485,https://nobe.moje-autoskola.cz/admin_prednaska.php?edit_id=73485
27.2.2025,16:15,Novy Jicin,9,4,2,2,0,46400,46400,0,75573,https://nobe.moje-autoskola.cz/admin_prednaska.php?edit_id=75573
20.2.2025,16:15,Novy Jicin,8,4,3,2,1,31200,40100,0,73488,https://nobe.moje-autoskola.cz/admin_prednaska.php?edit_id=73488
13.2.2025,16:15,Novy Jicin,7,4,4,4,0,85600,85600,1,75560,https://nobe.moje-autoskola.cz/admin_prednaska.php?edit_id=75560
6.2.2025,16:15,Novy Jicin,6,4,5,5,0,92600,101500,1,73487,https://nobe.moje-autoskola.cz/admin_prednaska.php?edit_id=73487
20.3.2025,16:30,Novy Jicin,12,4,5,4,1,85550,92500,1,73490,https://nobe.moje-autoskola.cz/admin_prednaska.php?edit_id=73490
6.3.2025,16:30,Novy Jicin,10,4,7,6,1,83110,85610,1,73489,https://nobe.moje-autoskola.cz/admin_prednaska.php?edit_id=73489
24.4.2025,16:30,Novy Jicin,17,4,6,4,2,98750,98750,2,73492,https://nobe.moje-autoskola.cz/admin_prednaska.php?edit_id=73492
17.4.2025,16:30,Novy Jicin,16,4,5,5,0,117800,117800,0,79736,https://nobe.moje-autoskola.cz/admin_prednaska.php?edit_id=79736
10.4.2025,16:30,Novy Jicin,15,4,4,4,0,66451,66451,0,73491,https://nobe.moje-autoskola.cz/admin_prednaska.php?edit_id=73491
3.4.2025,16:30,Novy Jicin,14,4,0,0,0,0,0,0,79735,https://nobe.moje-autoskola.cz/admin_prednaska.php?edit_id=79735
29.5.2025,16:30,Novy Jicin,22,4,6,5,1,113050,119150,1,73494,https://nobe.moje-autoskola.cz/admin_prednaska.php?edit_id=73494
15.5.2025,16:30,Novy Jicin,20,4,5,5,0,113210,113210,0,73493,https://nobe.moje-autoskola.cz/admin_prednaska.php?edit_id=73493
7.5.2025,16:15,Novy Jicin,19,3,1,1,0,20700,20700,0,81876,https://nobe.moje-autoskola.cz/admin_prednaska.php?edit_id=81876
26.6.2025,16:15,Novy Jicin,26,4,8,6,2,121670,134050,2,84618,https://nobe.moje-autoskola.cz/admin_prednaska.php?edit_id=84618
19.6.2025,16:15,Novy Jicin,25,4,3,3,0,57700,57700,0,80764,https://nobe.moje-autoskola.cz/admin_prednaska.php?edit_id=80764
12.6.2025,16:30,Novy Jicin,24,4,6,6,0,102700,107100,0,73495,https://nobe.moje-autoskola.cz/admin_prednaska.php?edit_id=73495
5.6.2025,16:15,Novy Jicin,23,4,6,6,0,107400,111800,6,80763,https://nobe.moje-autoskola.cz/admin_prednaska.php?edit_id=80763
31.7.2025,16:15,Novy Jicin,31,4,2,2,0,40400,40400,1,80730,https://nobe.moje-autoskola.cz/admin_prednaska.php?edit_id=80730
24.7.2025,16:15,Novy Jicin,30,4,1,1,0,20700,20700,0,80729,https://nobe.moje-autoskola.cz/admin_prednaska.php?edit_id=80729
17.7.2025,16:15,Novy Jicin,29,4,1,1,0,19300,19300,0,80728,https://nobe.moje-autoskola.cz/admin_prednaska.php?edit_id=80728
10.7.2025,16:15,Novy Jicin,28,4,4,4,0,85300,85300,0,80727,https://nobe.moje-autoskola.cz/admin_prednaska.php?edit_id=80727
3.7.2025,16:15,Novy Jicin,27,4,4,3,1,68200,70700,1,80726,https://nobe.moje-autoskola.cz/admin_prednaska.php?edit_id=80726
28.8.2025,16:15,Novy Jicin,35,4,2,2,0,35900,40775,0,87770,https://nobe.moje-autoskola.cz/admin_prednaska.php?edit_id=87770
21.8.2025,16:15,Novy Jicin,34,4,1,1,0,18800,18800,0,87761,https://nobe.moje-autoskola.cz/admin_prednaska.php?edit_id=87761
14.8.2025,16:15,Novy Jicin,33,4,2,2,0,42400,42400,0,80732,https://nobe.moje-autoskola.cz/admin_prednaska.php?edit_id=80732
7.8.2025,16:15,Novy Jicin,32,4,3,3,0,59400,59400,0,80731,https://nobe.moje-autoskola.cz/admin_prednaska.php?edit_id=80731
25.9.2025,16:15,Novy Jicin,39,4,2,2,0,33940,37500,1,80738,https://nobe.moje-autoskola.cz/admin_prednaska.php?edit_id=80738
18.9.2025,16:15,Novy Jicin,38,4,5,4,1,85500,112800,1,80737,https://nobe.moje-autoskola.cz/admin_prednaska.php?edit_id=80737
11.9.2025,16:15,Novy Jicin,37,4,5,4,1,85550,88050,1,80736,https://nobe.moje-autoskola.cz/admin_prednaska.php?edit_id=80736
4.9.2025,16:15,Novy Jicin,36,4,1,1,0,24350,24350,0,80735,https://nobe.moje-autoskola.cz/admin_prednaska.php?edit_id=80735
30.10.2025,16:15,Novy Jicin,44,4,2,2,0,23500,40000,0,80743,https://nobe.moje-autoskola.cz/admin_prednaska.php?edit_id=80743
23.10.2025,16:15,Novy Jicin,43,4,2,2,0,38800,38800,0,80742,https://nobe.moje-autoskola.cz/admin_prednaska.php?edit_id=80742
16.10.2025,16:15,Novy Jicin,42,4,4,3,1,69100,101100,1,80741,https://nobe.moje-autoskola.cz/admin_prednaska.php?edit_id=80741
9.10.2025,16:15,Novy Jicin,41,4,0,0,0,0,0,0,80740,https://nobe.moje-autoskola.cz/admin_prednaska.php?edit_id=80740
2.10.2025,16:15,Novy Jicin,40,4,1,1,0,19500,19500,0,80739,https://nobe.moje-autoskola.cz/admin_prednaska.php?edit_id=80739
27.11.2025,16:15,Novy Jicin,48,4,1,0,1,0,2500,1,80747,https://nobe.moje-autoskola.cz/admin_prednaska.php?edit_id=80747
20.11.2025,16:15,Novy Jicin,47,4,4,2,2,34700,52700,2,80746,https://nobe.moje-autoskola.cz/admin_prednaska.php?edit_id=80746
13.11.2025,16:15,Novy Jicin,46,4,4,2,2,64900,67400,2,80745,https://nobe.moje-autoskola.cz/admin_prednaska.php?edit_id=80745
6.11.2025,16:15,Novy Jicin,45,4,0,0,0,0,0,0,80744,https://nobe.moje-autoskola.cz/admin_prednaska.php?edit_id=80744
18.12.2025,16:15,Novy Jicin,51,4,0,0,0,0,0,0,80750,https://nobe.moje-autoskola.cz/admin_prednaska.php?edit_id=80750
11.12.2025,16:15,Novy Jicin,50,4,0,0,0,0,0,0,80749,https://nobe.moje-autoskola.cz/admin_prednaska.php?edit_id=80749
4.12.2025,16:15,Novy Jicin,49,4,0,0,0,0,0,0,80748,https://nobe.moje-autoskola.cz/admin_prednaska.php?edit_id=80748
29.4.2025,16:15,Frydek-Mistek,18,2,4,3,1,73100,75600,1,79963,https://nobe.moje-autoskola.cz/admin_prednaska.php?edit_id=79963
17.4.2025,16:15,Frydek-Mistek,16,4,4,4,0,81100,81100,0,79962,https://nobe.moje-autoskola.cz/admin_prednaska.php?edit_id=79962
10.4.2025,16:15,Frydek-Mistek,15,4,7,7,0,147826,150676,1,77961,https://nobe.moje-autoskola.cz/admin_prednaska.php?edit_id=77961
29.5.2025,16:15,Frydek-Mistek,22,4,4,2,2,46000,51000,2,79966,https://nobe.moje-autoskola.cz/admin_prednaska.php?edit_id=79966
22.5.2025,16:15,Frydek-Mistek,21,4,5,5,0,100800,100800,0,80510,https://nobe.moje-autoskola.cz/admin_prednaska.php?edit_id=80510
15.5.2025,16:15,Frydek-Mistek,20,4,4,4,0,85610,86410,0,80509,https://nobe.moje-autoskola.cz/admin_prednaska.php?edit_id=80509
6.5.2025,16:15,Frydek-Mistek,19,2,3,3,0,61600,61600,0,79965,https://nobe.moje-autoskola.cz/admin_prednaska.php?edit_id=79965
26.6.2025,16:15,Frydek-Mistek,26,4,4,4,0,101700,101700,0,80513,https://nobe.moje-autoskola.cz/admin_prednaska.php?edit_id=80513
19.6.2025,16:15,Frydek-Mistek,25,4,2,1,1,28600,31100,1,80512,https://nobe.moje-autoskola.cz/admin_prednaska.php?edit_id=80512
12.6.2025,16:15,Frydek-Mistek,24,4,5,5,0,121420,121420,1,80511,https://nobe.moje-autoskola.cz/admin_prednaska.php?edit_id=80511
5.6.2025,16:15,Frydek-Mistek,23,4,2,2,0,46600,46600,0,79967,https://nobe.moje-autoskola.cz/admin_prednaska.php?edit_id=79967
31.7.2025,16:15,Frydek-Mistek,31,4,3,3,0,43500,58100,0,80518,https://nobe.moje-autoskola.cz/admin_prednaska.php?edit_id=80518
24.7.2025,16:15,Frydek-Mistek,30,4,1,1,0,19500,19500,0,80517,https://nobe.moje-autoskola.cz/admin_prednaska.php?edit_id=80517
17.7.2025,16:15,Frydek-Mistek,29,4,1,1,0,27000,27000,0,80516,https://nobe.moje-autoskola.cz/admin_prednaska.php?edit_id=80516
10.7.2025,16:15,Frydek-Mistek,28,4,1,1,0,23450,23450,0,80515,https://nobe.moje-autoskola.cz/admin_prednaska.php?edit_id=80515
3.7.2025,16:15,Frydek-Mistek,27,4,2,2,0,43500,43500,0,80514,https://nobe.moje-autoskola.cz/admin_prednaska.php?edit_id=80514
28.8.2025,16:15,Frydek-Mistek,35,4,5,3,2,58200,58200,2,80522,https://nobe.moje-autoskola.cz/admin_prednaska.php?edit_id=80522
21.8.2025,16:15,Frydek-Mistek,34,4,4,3,1,63600,90100,1,80521,https://nobe.moje-autoskola.cz/admin_prednaska.php?edit_id=80521
14.8.2025,16:15,Frydek-Mistek,33,4,2,1,1,21300,21300,1,80520,https://nobe.moje-autoskola.cz/admin_prednaska.php?edit_id=80520
7.8.2025,16:15,Frydek-Mistek,32,4,4,3,1,70700,73200,1,80519,https://nobe.moje-autoskola.cz/admin_prednaska.php?edit_id=80519
25.9.2025,16:15,Frydek-Mistek,39,4,4,4,0,64800,75100,1,80526,https://nobe.moje-autoskola.cz/admin_prednaska.php?edit_id=80526
18.9.2025,16:15,Frydek-Mistek,38,4,2,2,0,29800,39700,1,80525,https://nobe.moje-autoskola.cz/admin_prednaska.php?edit_id=80525
11.9.2025,16:15,Frydek-Mistek,37,4,5,5,0,86700,96100,1,80524,https://nobe.moje-autoskola.cz/admin_prednaska.php?edit_id=80524
4.9.2025,16:15,Frydek-Mistek,36,4,5,5,0,95600,105000,1,80523,https://nobe.moje-autoskola.cz/admin_prednaska.php?edit_id=80523
30.10.2025,16:15,Frydek-Mistek,44,4,1,1,0,18800,19200,0,80531,https://nobe.moje-autoskola.cz/admin_prednaska.php?edit_id=80531
23.10.2025,16:15,Frydek-Mistek,43,4,1,1,0,18800,18800,0,80530,https://nobe.moje-autoskola.cz/admin_prednaska.php?edit_id=80530
16.10.2025,16:15,Frydek-Mistek,42,4,1,1,0,2900,2900,0,80529,https://nobe.moje-autoskola.cz/admin_prednaska.php?edit_id=80529
9.10.2025,16:15,Frydek-Mistek,41,4,7,7,0,143350,171850,0,80528,https://nobe.moje-autoskola.cz/admin_prednaska.php?edit_id=80528
2.10.2025,16:15,Frydek-Mistek,40,4,5,5,0,95200,105100,1,80527,https://nobe.moje-autoskola.cz/admin_prednaska.php?edit_id=80527
27.11.2025,16:15,Frydek-Mistek,48,4,1,1,0,18800,18800,0,80535,https://nobe.moje-autoskola.cz/admin_prednaska.php?edit_id=80535
20.11.2025,16:15,Frydek-Mistek,47,4,3,2,1,42000,44500,1,80534,https://nobe.moje-autoskola.cz/admin_prednaska.php?edit_id=80534
13.11.2025,16:15,Frydek-Mistek,46,4,4,4,0,75025,76100,0,80533,https://nobe.moje-autoskola.cz/admin_prednaska.php?edit_id=80533
6.11.2025,16:15,Frydek-Mistek,45,4,5,5,0,89860,104100,1,80532,https://nobe.moje-autoskola.cz/admin_prednaska.php?edit_id=80532
29.12.2025,16:15,Frydek-Mistek,1,1,2,1,1,20800,39100,1,92425,https://nobe.moje-autoskola.cz/admin_prednaska.php?edit_id=92425
22.12.2025,16:15,Frydek-Mistek,52,1,3,2,1,33540,56200,1,92424,https://nobe.moje-autoskola.cz/admin_prednaska.php?edit_id=92424
18.12.2025,16:15,Frydek-Mistek,51,4,1,1,0,18800,18800,0,80538,https://nobe.moje-autoskola.cz/admin_prednaska.php?edit_id=80538
11.12.2025,16:15,Frydek-Mistek,50,4,5,2,3,36600,75000,3,80537,https://nobe.moje-autoskola.cz/admin_prednaska.php?edit_id=80537
4.12.2025,16:15,Frydek-Mistek,49,4,1,1,0,17800,17800,0,80536,https://nobe.moje-autoskola.cz/admin_prednaska.php?edit_id=80536
30.1.2025,16:15,Havirov,5,4,8,5,3,85300,107400,4,73305,https://nobe.moje-autoskola.cz/admin_prednaska.php?edit_id=73305
16.1.2025,16:15,Havirov,3,4,8,6,2,146610,164910,0,73288,https://nobe.moje-autoskola.cz/admin_prednaska.php?edit_id=73288
2.1.2025,16:15,Havirov,1,4,4,4,0,95900,95900,3,73285,https://nobe.moje-autoskola.cz/admin_prednaska.php?edit_id=73285
27.2.2025,16:15,Havirov,9,4,9,6,3,141050,146050,3,73308,https://nobe.moje-autoskola.cz/admin_prednaska.php?edit_id=73308
13.2.2025,16:15,Havirov,7,4,8,6,2,115200,129050,3,73306,https://nobe.moje-autoskola.cz/admin_prednaska.php?edit_id=73306
27.3.2025,16:15,Havirov,13,4,12,11,1,208470,230710,1,73311,https://nobe.moje-autoskola.cz/admin_prednaska.php?edit_id=73311
13.3.2025,16:15,Havirov,11,4,9,6,3,116700,145400,3,73309,https://nobe.moje-autoskola.cz/admin_prednaska.php?edit_id=73309
24.4.2025,16:15,Havirov,17,4,8,8,0,162170,162170,1,73313,https://nobe.moje-autoskola.cz/admin_prednaska.php?edit_id=73313
16.4.2025,16:15,Havirov,16,3,2,0,2,0,37600,0,79738,https://nobe.moje-autoskola.cz/admin_prednaska.php?edit_id=79738
10.4.2025,16:15,Havirov,15,4,10,10,0,209050,223550,1,73312,https://nobe.moje-autoskola.cz/admin_prednaska.php?edit_id=73312
3.4.2025,16:15,Havirov,14,4,2,1,1,20200,38500,0,79737,https://nobe.moje-autoskola.cz/admin_prednaska.php?edit_id=79737
29.5.2025,16:15,Havirov,22,4,7,5,2,82120,87120,2,80388,https://nobe.moje-autoskola.cz/admin_prednaska.php?edit_id=80388
22.5.2025,16:15,Havirov,21,4,7,5,2,109475,128775,2,73316,https://nobe.moje-autoskola.cz/admin_prednaska.php?edit_id=73316
15.5.2025,16:15,Havirov,20,4,8,7,1,132725,136125,2,80467,https://nobe.moje-autoskola.cz/admin_prednaska.php?edit_id=80467
6.5.2025,16:15,Havirov,19,2,8,7,1,109200,111700,2,73315,https://nobe.moje-autoskola.cz/admin_prednaska.php?edit_id=73315
26.6.2025,16:15,Havirov,26,4,9,8,1,161820,173900,3,80393,https://nobe.moje-autoskola.cz/admin_prednaska.php?edit_id=80393
12.6.2025,16:15,Havirov,24,4,7,6,1,128500,128500,1,80390,https://nobe.moje-autoskola.cz/admin_prednaska.php?edit_id=80390
5.6.2025,16:15,Havirov,23,4,7,6,1,134000,138900,1,73318,https://nobe.moje-autoskola.cz/admin_prednaska.php?edit_id=73318
31.7.2025,16:15,Havirov,31,4,3,3,0,70050,70050,0,80401,https://nobe.moje-autoskola.cz/admin_prednaska.php?edit_id=80401
24.7.2025,16:15,Havirov,30,4,3,1,2,19300,21800,1,80400,https://nobe.moje-autoskola.cz/admin_prednaska.php?edit_id=80400
17.7.2025,16:15,Havirov,29,4,8,5,3,120475,157075,3,80398,https://nobe.moje-autoskola.cz/admin_prednaska.php?edit_id=80398
10.7.2025,16:15,Havirov,28,4,6,6,0,133550,133550,0,80397,https://nobe.moje-autoskola.cz/admin_prednaska.php?edit_id=80397
3.7.2025,16:15,Havirov,27,4,8,7,1,131050,153150,1,80395,https://nobe.moje-autoskola.cz/admin_prednaska.php?edit_id=80395
28.8.2025,16:15,Havirov,35,4,6,5,1,92500,112700,2,80407,https://nobe.moje-autoskola.cz/admin_prednaska.php?edit_id=80407
21.8.2025,16:15,Havirov,34,4,6,4,2,43520,60960,3,80405,https://nobe.moje-autoskola.cz/admin_prednaska.php?edit_id=80405
14.8.2025,16:15,Havirov,33,4,3,3,0,63500,63500,0,80404,https://nobe.moje-autoskola.cz/admin_prednaska.php?edit_id=80404
7.8.2025,16:15,Havirov,32,4,3,3,0,72960,72960,0,80402,https://nobe.moje-autoskola.cz/admin_prednaska.php?edit_id=80402
25.9.2025,16:15,Havirov,39,4,7,6,1,121440,142740,2,80412,https://nobe.moje-autoskola.cz/admin_prednaska.php?edit_id=80412
18.9.2025,16:15,Havirov,38,4,8,7,1,147300,161400,1,80411,https://nobe.moje-autoskola.cz/admin_prednaska.php?edit_id=80411
11.9.2025,16:15,Havirov,37,4,6,6,0,113916,128016,1,80409,https://nobe.moje-autoskola.cz/admin_prednaska.php?edit_id=80409
4.9.2025,16:15,Havirov,36,4,4,4,0,84800,89100,0,80408,https://nobe.moje-autoskola.cz/admin_prednaska.php?edit_id=80408
30.10.2025,16:15,Havirov,44,4,8,7,1,133300,150500,0,80420,https://nobe.moje-autoskola.cz/admin_prednaska.php?edit_id=80420
23.10.2025,16:15,Havirov,43,4,5,5,0,99800,105600,0,80418,https://nobe.moje-autoskola.cz/admin_prednaska.php?edit_id=80418
16.10.2025,16:15,Havirov,42,4,10,7,3,125600,170700,3,80417,https://nobe.moje-autoskola.cz/admin_prednaska.php?edit_id=80417
9.10.2025,16:15,Havirov,41,4,0,0,0,0,0,0,80416,https://nobe.moje-autoskola.cz/admin_prednaska.php?edit_id=80416
2.10.2025,16:15,Havirov,40,4,1,1,0,17700,17700,0,80414,https://nobe.moje-autoskola.cz/admin_prednaska.php?edit_id=80414
27.11.2025,16:15,Havirov,48,4,3,3,0,62950,65250,0,80426,https://nobe.moje-autoskola.cz/admin_prednaska.php?edit_id=80426
20.11.2025,16:15,Havirov,47,4,7,5,2,92720,115620,3,80424,https://nobe.moje-autoskola.cz/admin_prednaska.php?edit_id=80424
13.11.2025,16:15,Havirov,46,4,4,3,1,60050,62550,1,80423,https://nobe.moje-autoskola.cz/admin_prednaska.php?edit_id=80423
6.11.2025,16:15,Havirov,45,4,3,2,1,39200,58000,1,80421,https://nobe.moje-autoskola.cz/admin_prednaska.php?edit_id=80421
22.12.2025,16:15,Havirov,52,1,1,1,0,17800,18200,1,92430,https://nobe.moje-autoskola.cz/admin_prednaska.php?edit_id=92430
18.12.2025,16:15,Havirov,51,4,3,0,3,0,21300,3,80431,https://nobe.moje-autoskola.cz/admin_prednaska.php?edit_id=80431
11.12.2025,16:15,Havirov,50,4,0,0,0,0,0,0,80428,https://nobe.moje-autoskola.cz/admin_prednaska.php?edit_id=80428
4.12.2025,16:15,Havirov,49,4,2,2,0,34900,49000,0,80427,https://nobe.moje-autoskola.cz/admin_prednaska.php?edit_id=80427
31.1.2025,18:00,Opava,5,5,5,5,0,145726,145726,1,73784,https://nobe.moje-autoskola.cz/admin_prednaska.php?edit_id=73784
17.1.2025,16:30,Opava,3,5,5,4,1,91550,91550,2,73783,https://nobe.moje-autoskola.cz/admin_prednaska.php?edit_id=73783
10.1.2025,18:00,Opava,2,5,7,5,2,106650,108950,4,73786,https://nobe.moje-autoskola.cz/admin_prednaska.php?edit_id=73786
27.2.2025,16:15,Opava,9,4,9,7,2,133260,143460,2,73785,https://nobe.moje-autoskola.cz/admin_prednaska.php?edit_id=73785
13.2.2025,16:15,Opava,7,4,6,5,1,83750,86250,2,76563,https://nobe.moje-autoskola.cz/admin_prednaska.php?edit_id=76563
6.2.2025,16:15,Opava,6,4,2,2,0,56050,56050,0,76562,https://nobe.moje-autoskola.cz/admin_prednaska.php?edit_id=76562
20.3.2025,16:15,Opava,12,4,3,3,0,48100,56900,1,73807,https://nobe.moje-autoskola.cz/admin_prednaska.php?edit_id=73807
29.4.2025,16:15,Opava,18,2,8,6,2,137440,142440,3,73811,https://nobe.moje-autoskola.cz/admin_prednaska.php?edit_id=73811
17.4.2025,16:15,Opava,16,4,4,4,0,91050,91050,1,73820,https://nobe.moje-autoskola.cz/admin_prednaska.php?edit_id=73820
10.4.2025,16:15,Opava,15,4,4,4,0,86350,90100,0,73809,https://nobe.moje-autoskola.cz/admin_prednaska.php?edit_id=73809
3.4.2025,16:15,Opava,14,4,6,5,1,109250,111750,2,73818,https://nobe.moje-autoskola.cz/admin_prednaska.php?edit_id=73818
29.5.2025,16:15,Opava,22,4,3,3,0,61600,61600,0,80313,https://nobe.moje-autoskola.cz/admin_prednaska.php?edit_id=80313
21.5.2025,16:15,Opava,21,3,4,3,1,62325,86075,3,73813,https://nobe.moje-autoskola.cz/admin_prednaska.php?edit_id=73813
15.5.2025,16:15,Opava,20,4,7,7,0,133275,133275,0,81617,https://nobe.moje-autoskola.cz/admin_prednaska.php?edit_id=81617
26.6.2025,15:15,Opava,26,4,1,1,0,22000,22000,0,80317,https://nobe.moje-autoskola.cz/admin_prednaska.php?edit_id=80317
19.6.2025,14:00,Opava,25,4,6,6,0,115600,128950,0,80316,https://nobe.moje-autoskola.cz/admin_prednaska.php?edit_id=80316
12.6.2025,16:15,Opava,24,4,3,3,0,55550,55550,0,73815,https://nobe.moje-autoskola.cz/admin_prednaska.php?edit_id=73815
5.6.2025,16:15,Opava,23,4,6,6,0,124700,129150,0,80314,https://nobe.moje-autoskola.cz/admin_prednaska.php?edit_id=80314
31.7.2025,16:15,Opava,31,4,2,2,0,7000,7000,0,80324,https://nobe.moje-autoskola.cz/admin_prednaska.php?edit_id=80324
24.7.2025,16:15,Opava,30,4,4,4,0,73050,73050,1,80322,https://nobe.moje-autoskola.cz/admin_prednaska.php?edit_id=80322
17.7.2025,16:15,Opava,29,4,4,2,2,41900,42700,2,80321,https://nobe.moje-autoskola.cz/admin_prednaska.php?edit_id=80321
10.7.2025,16:15,Opava,28,4,2,2,0,43150,43150,0,80319,https://nobe.moje-autoskola.cz/admin_prednaska.php?edit_id=80319
3.7.2025,16:15,Opava,27,4,3,3,0,59800,62100,0,80318,https://nobe.moje-autoskola.cz/admin_prednaska.php?edit_id=80318
28.8.2025,16:15,Opava,35,4,4,3,1,60500,60500,0,80329,https://nobe.moje-autoskola.cz/admin_prednaska.php?edit_id=80329
21.8.2025,16:15,Opava,34,4,4,4,0,66650,69850,1,80328,https://nobe.moje-autoskola.cz/admin_prednaska.php?edit_id=80328
14.8.2025,16:15,Opava,33,4,4,3,1,50425,52925,2,80326,https://nobe.moje-autoskola.cz/admin_prednaska.php?edit_id=80326
7.8.2025,16:15,Opava,32,4,2,2,0,46925,46925,0,80325,https://nobe.moje-autoskola.cz/admin_prednaska.php?edit_id=80325
25.9.2025,16:15,Opava,39,4,2,1,1,24500,42300,1,80335,https://nobe.moje-autoskola.cz/admin_prednaska.php?edit_id=80335
18.9.2025,16:15,Opava,38,4,6,6,0,119300,119300,1,80333,https://nobe.moje-autoskola.cz/admin_prednaska.php?edit_id=80333
11.9.2025,16:15,Opava,37,4,0,0,0,0,0,0,80332,https://nobe.moje-autoskola.cz/admin_prednaska.php?edit_id=80332
4.9.2025,16:15,Opava,36,4,7,6,1,127800,146100,2,80331,https://nobe.moje-autoskola.cz/admin_prednaska.php?edit_id=80331
30.10.2025,16:15,Opava,44,4,3,2,1,40575,43775,1,80341,https://nobe.moje-autoskola.cz/admin_prednaska.php?edit_id=80341
23.10.2025,16:15,Opava,43,4,3,2,1,53366,77100,2,80340,https://nobe.moje-autoskola.cz/admin_prednaska.php?edit_id=80340
16.10.2025,16:15,Opava,42,4,5,3,2,70300,89000,3,80339,https://nobe.moje-autoskola.cz/admin_prednaska.php?edit_id=80339
9.10.2025,16:15,Opava,41,4,0,0,0,0,0,0,80338,https://nobe.moje-autoskola.cz/admin_prednaska.php?edit_id=80338
2.10.2025,16:15,Opava,40,4,3,3,0,56100,56100,1,80337,https://nobe.moje-autoskola.cz/admin_prednaska.php?edit_id=80337
27.11.2025,16:15,Opava,48,4,1,1,0,20200,20200,0,80347,https://nobe.moje-autoskola.cz/admin_prednaska.php?edit_id=80347
20.11.2025,16:15,Opava,47,4,3,3,0,64000,64000,0,80346,https://nobe.moje-autoskola.cz/admin_prednaska.php?edit_id=80346
13.11.2025,16:15,Opava,46,4,3,3,0,59300,59300,1,80344,https://nobe.moje-autoskola.cz/admin_prednaska.php?edit_id=80344
6.11.2025,16:15,Opava,45,4,3,3,0,59500,59500,1,80342,https://nobe.moje-autoskola.cz/admin_prednaska.php?edit_id=80342
29.12.2025,16:15,Opava,1,1,0,0,0,0,0,0,92428,https://nobe.moje-autoskola.cz/admin_prednaska.php?edit_id=92428
22.12.2025,16:15,Opava,52,1,0,0,0,0,0,0,92427,https://nobe.moje-autoskola.cz/admin_prednaska.php?edit_id=92427
18.12.2025,16:15,Opava,51,4,3,3,0,66900,66900,0,80352,https://nobe.moje-autoskola.cz/admin_prednaska.php?edit_id=80352
11.12.2025,16:15,Opava,50,4,4,4,0,83300,83700,0,80350,https://nobe.moje-autoskola.cz/admin_prednaska.php?edit_id=80350
4.12.2025,16:15,Opava,49,4,0,0,0,0,0,0,80349,https://nobe.moje-autoskola.cz/admin_prednaska.php?edit_id=80349
30.1.2025,15:30,Trutnov,5,4,6,4,2,64700,69700,4,73419,https://nobe.moje-autoskola.cz/admin_prednaska.php?edit_id=73419
14.1.2025,15:30,Trutnov,3,2,2,2,0,40500,40500,0,73418,https://nobe.moje-autoskola.cz/admin_prednaska.php?edit_id=73418
9.1.2025,17:00,Trutnov,2,4,3,3,0,67000,67000,1,75312,https://nobe.moje-autoskola.cz/admin_prednaska.php?edit_id=75312
27.2.2025,17:15,Trutnov,9,4,2,2,0,39100,39900,0,73421,https://nobe.moje-autoskola.cz/admin_prednaska.php?edit_id=73421
13.2.2025,17:15,Trutnov,7,4,7,6,1,87700,107400,1,73420,https://nobe.moje-autoskola.cz/admin_prednaska.php?edit_id=73420
27.3.2025,17:15,Trutnov,13,4,9,3,6,60900,76700,6,73423,https://nobe.moje-autoskola.cz/admin_prednaska.php?edit_id=73423
17.3.2025,17:15,Trutnov,12,1,5,3,2,27900,33700,3,73422,https://nobe.moje-autoskola.cz/admin_prednaska.php?edit_id=73422
30.4.2025,16:00,Trutnov,18,3,5,4,1,60000,78800,0,82229,https://nobe.moje-autoskola.cz/admin_prednaska.php?edit_id=82229
24.4.2025,17:15,Trutnov,17,4,5,3,2,67900,104700,3,73425,https://nobe.moje-autoskola.cz/admin_prednaska.php?edit_id=73425
10.4.2025,17:15,Trutnov,15,4,10,7,3,126275,145875,4,73424,https://nobe.moje-autoskola.cz/admin_prednaska.php?edit_id=73424
29.5.2025,17:15,Trutnov,22,4,4,2,2,29225,45075,2,73427,https://nobe.moje-autoskola.cz/admin_prednaska.php?edit_id=73427
15.5.2025,17:15,Trutnov,20,4,6,4,2,88700,93700,2,73426,https://nobe.moje-autoskola.cz/admin_prednaska.php?edit_id=73426
19.6.2025,17:15,Trutnov,25,4,3,2,1,41600,46400,0,73429,https://nobe.moje-autoskola.cz/admin_prednaska.php?edit_id=73429
5.6.2025,17:15,Trutnov,23,4,3,3,0,64250,64250,0,73428,https://nobe.moje-autoskola.cz/admin_prednaska.php?edit_id=73428
31.7.2025,17:15,Trutnov,31,4,5,5,0,112400,112400,0,78127,https://nobe.moje-autoskola.cz/admin_prednaska.php?edit_id=78127
17.7.2025,17:15,Trutnov,29,4,6,5,1,89850,123750,0,78126,https://nobe.moje-autoskola.cz/admin_prednaska.php?edit_id=78126
28.8.2025,17:15,Trutnov,35,4,5,5,0,107000,107800,2,78129,https://nobe.moje-autoskola.cz/admin_prednaska.php?edit_id=78129
11.9.2025,17:15,Trutnov,37,4,9,8,1,172025,193175,1,78130,https://nobe.moje-autoskola.cz/admin_prednaska.php?edit_id=78130
11.9.2025,17:15,Trutnov,37,4,0,0,0,0,0,0,90262,https://nobe.moje-autoskola.cz/admin_prednaska.php?edit_id=90262
23.10.2025,17:15,Trutnov,43,4,5,5,0,92300,92300,1,78133,https://nobe.moje-autoskola.cz/admin_prednaska.php?edit_id=78133
9.10.2025,17:15,Trutnov,41,4,8,8,0,150700,152300,1,78132,https://nobe.moje-autoskola.cz/admin_prednaska.php?edit_id=78132
20.11.2025,17:15,Trutnov,47,4,3,3,0,61800,61800,1,78135,https://nobe.moje-autoskola.cz/admin_prednaska.php?edit_id=78135
6.11.2025,17:15,Trutnov,45,4,3,1,2,20000,20000,1,78134,https://nobe.moje-autoskola.cz/admin_prednaska.php?edit_id=78134
18.12.2025,17:15,Trutnov,51,4,5,4,1,66000,79600,1,78137,https://nobe.moje-autoskola.cz/admin_prednaska.php?edit_id=78137
4.12.2025,17:15,Trutnov,49,4,3,3,0,65000,65000,1,78136,https://nobe.moje-autoskola.cz/admin_prednaska.php?edit_id=78136
